ratio,cents,lcm,lcm_heur,prime_fac
1/1,0.0,1,1.0,[]
257/256,6.749459032653728,257,49.90480652041507,[[257\, 1]]
1031/1024,11.794340841730053,1031,350.62077384828194,[[1031\, 1]]
1033/1024,15.149446638071414,1033,393.8070554157723,[[1033\, 1]]
80/79,21.776816052311425,395,198.78713652859065,[[5\, 1]\, [79\, 1]]
79/78,22.054235177825422,3081,1669.4394859278475,[[3\, 1]\, [13\, 1]\, [79\, 1]]
78/77,22.338813800816194,3003,1638.8797665849925,[[3\, 1]\, [7\, 1]\, [11\, 1]\, [13\, 1]]
77/76,22.630832701578925,1463,897.7572402124931,[[7\, 1]\, [11\, 1]\, [19\, 1]]
76/75,22.930587537245685,1425,773.1014147138081,[[3\, 1]\, [5\, 2]\, [19\, 1]]
75/74,23.238389840317456,2775,1374.4547319982578,[[3\, 1]\, [5\, 2]\, [37\, 1]]
74/73,23.554568098719155,2701,1236.2093321055443,[[37\, 1]\, [73\, 1]]
73/72,23.879468925245757,657,299.47062773577267,[[3\, 2]\, [73\, 1]]
72/71,24.213458325156328,639,272.2895840179364,[[3\, 2]\, [71\, 1]]
71/70,24.556923071658638,2485,1207.9724624182943,[[5\, 1]\, [7\, 1]\, [71\, 1]]
70/69,24.910272200156992,2415,1129.3141114983193,[[3\, 1]\, [5\, 1]\, [7\, 1]\, [23\, 1]]
1039/1024,25.175926685054126,1039,394.4512020627692,[[1039\, 1]]
69/68,25.273938633395485,1173,484.19928619547795,[[3\, 1]\, [17\, 1]\, [23\, 1]]
68/67,25.648380951080444,1139,431.0094117426894,[[17\, 1]\, [67\, 1]]
67/66,26.034085319182772,2211,970.5154862401639,[[3\, 1]\, [11\, 1]\, [67\, 1]]
66/65,26.43156759599862,2145,916.3799957740831,[[3\, 1]\, [5\, 1]\, [11\, 1]\, [13\, 1]]
65/64,26.84137563414541,65,62.40652251925303,[[5\, 1]\, [13\, 1]]
64/63,27.26409180010014,63,61.28568729023421,[[3\, 2]\, [7\, 1]]
63/62,27.700335735649492,1953,784.3563616666187,[[3\, 2]\, [7\, 1]\, [31\, 1]]
62/61,28.15076738878675,1891,665.391622777348,[[31\, 1]\, [61\, 1]]
61/60,28.616090345241194,915,396.05897399032875,[[3\, 1]\, [5\, 1]\, [61\, 1]]
60/59,29.097055496012647,885,369.7757312745046,[[3\, 1]\, [5\, 1]\, [59\, 1]]
59/58,29.594465081122838,1711,618.9683219389824,[[29\, 1]\, [59\, 1]]
58/57,30.109177155396626,1653,585.8990278827764,[[3\, 1]\, [19\, 1]\, [29\, 1]]
521/512,30.167474734209872,521,286.61385073884895,[[521\, 1]]
57/56,30.642110528564974,399,275.9074527112776,[[3\, 1]\, [7\, 1]\, [19\, 1]]
56/55,31.194250239533226,385,242.72674687504895,[[5\, 1]\, [7\, 1]\, [11\, 1]]
55/54,31.766653633429414,1485,515.9048127137438,[[3\, 3]\, [5\, 1]\, [11\, 1]]
54/53,32.36045712032323,1431,653.7212508726362,[[3\, 3]\, [53\, 1]]
53/52,32.976883706528305,689,366.3373339731436,[[13\, 1]\, [53\, 1]]
52/51,33.617251403515766,663,350.7081023205155,[[3\, 1]\, [13\, 1]\, [17\, 1]]
51/50,34.282982636125105,1275,729.5949532368992,[[3\, 1]\, [5\, 2]\, [17\, 1]]
50/49,34.975614791419815,1225,652.1617152733849,[[5\, 2]\, [7\, 2]]
49/48,35.696812072862315,147,108.81609485816436,[[3\, 1]\, [7\, 2]]
48/47,36.44837885222243,141,86.84252450618126,[[3\, 1]\, [47\, 1]]
523/512,36.80056349632965,523,296.6742782025518,[[523\, 1]]
47/46,37.23227474474957,1081,510.73922235735824,[[23\, 1]\, [47\, 1]]
46/45,38.05063167280566,1035,499.86123938878717,[[3\, 2]\, [5\, 1]\, [23\, 1]]
45/44,38.90577323085291,495,306.7719172948209,[[3\, 2]\, [5\, 1]\, [11\, 1]]
44/43,39.80023672223925,473,271.4230002722015,[[11\, 1]\, [43\, 1]]
131/128,40.10760184494033,131,65.5151723281207,[[131\, 1]]
43/42,40.736798308005035,903,495.77455142061433,[[3\, 1]\, [7\, 1]\, [43\, 1]]
42/41,41.71850179281195,861,449.73767614846975,[[3\, 1]\, [7\, 1]\, [41\, 1]]
1049/1024,41.75875509272112,1049,522.2715337569972,[[1049\, 1]]
41/40,42.74869167686547,205,141.02704278075961,[[5\, 1]\, [41\, 1]]
40/39,43.83105123013665,195,122.29458221113715,[[3\, 1]\, [5\, 1]\, [13\, 1]]
79/77,44.393048978641886,6083,2938.595917622172,[[7\, 1]\, [11\, 1]\, [79\, 1]]
39/38,44.969646502395555,741,408.14015385883465,[[3\, 1]\, [13\, 1]\, [19\, 1]]
1051/1024,45.05634475461409,1051,498.81299208594055,[[1051\, 1]]
77/75,45.561420238824496,5775,2989.022242311223,[[3\, 1]\, [5\, 2]\, [7\, 1]\, [11\, 1]]
38/37,46.16897737756276,703,379.6994880871401,[[19\, 1]\, [37\, 1]]
263/256,46.70278715076282,263,125.90464019624106,[[263\, 1]]
75/73,46.79295793903656,5475,1545.506825874185,[[3\, 1]\, [5\, 2]\, [73\, 1]]
37/36,47.434037023964734,333,227.2734690203444,[[3\, 2]\, [37\, 1]]
73/71,48.09292725040214,5183,1294.9801637359117,[[71\, 1]\, [73\, 1]]
36/35,48.77038139681492,315,212.91152812266415,[[3\, 2]\, [5\, 1]\, [7\, 1]]
71/69,49.467195271815456,4899,1352.3389836696886,[[3\, 1]\, [23\, 1]\, [71\, 1]]
35/34,50.18421083355228,595,378.918636877695,[[5\, 1]\, [7\, 1]\, [17\, 1]]
69/67,50.92231958447609,4623,1424.310280735752,[[3\, 1]\, [23\, 1]\, [67\, 1]]
34/33,51.68246627026312,561,311.5866082611164,[[3\, 1]\, [11\, 1]\, [17\, 1]]
67/65,52.46565291518133,4355,1538.744467147739,[[5\, 1]\, [13\, 1]\, [67\, 1]]
33/32,53.27294323014412,33,32.43806562282514,[[3\, 1]\, [11\, 1]]
65/63,54.10546743424583,4095,1671.6588654057755,[[3\, 2]\, [5\, 1]\, [7\, 1]\, [13\, 1]]
32/31,54.96442753574971,31,30.999999999999996,[[31\, 1]]
63/61,55.85110312443629,3843,1323.9456308684112,[[3\, 2]\, [7\, 1]\, [61\, 1]]
31/30,56.766857734028186,465,271.1738621441947,[[3\, 1]\, [5\, 1]\, [31\, 1]]
61/59,57.713145841253876,3599,1233.7908344523146,[[59\, 1]\, [61\, 1]]
30/29,58.691520577135805,435,270.0222674457216,[[3\, 1]\, [5\, 1]\, [29\, 1]]
59/57,59.70364223651968,3363,1425.763073890178,[[3\, 1]\, [19\, 1]\, [59\, 1]]
29/28,60.75128768396177,203,602.3102225518685,[[7\, 1]\, [29\, 1]]
1061/1024,61.450729097717755,1061,478.6593119851235,[[1061\, 1]]
57/55,61.8363607680985,3135,1701.3474016954615,[[3\, 1]\, [5\, 1]\, [11\, 1]\, [19\, 1]]
28/27,62.960903872962575,189,257.99952389812483,[[3\, 3]\, [7\, 1]]
55/53,64.1271107537525,2915,1600.6273393100005,[[5\, 1]\, [11\, 1]\, [53\, 1]]
1063/1024,64.71105783732561,1063,433.41513782549924,[[1063\, 1]]
27/26,65.3373408268518,351,6324.597986351809,[[3\, 3]\, [13\, 1]]
80/77,66.16986503095302,385,279.3527598047461,[[5\, 1]\, [7\, 1]\, [11\, 1]]
53/51,66.59413511004445,2703,1067.2249197229798,[[3\, 1]\, [17\, 1]\, [53\, 1]]
79/76,67.02388168022094,1501,488.4735676435784,[[19\, 1]\, [79\, 1]]
26/25,67.90023403964102,325,223.18599788135606,[[5\, 2]\, [13\, 1]]
77/74,68.79981007914195,2849,1285.5828451808238,[[7\, 1]\, [11\, 1]\, [37\, 1]]
51/49,69.25859742754493,2499,876.1550043684599,[[3\, 1]\, [7\, 2]\, [17\, 1]]
76/73,69.72354547628181,1387,391.98069867151196,[[19\, 1]\, [73\, 1]]
25/24,70.67242686428234,75,71.41641771986164,[[3\, 1]\, [5\, 2]]
74/71,71.64749534912117,2627,1026.3038332221709,[[37\, 1]\, [71\, 1]]
49/47,72.14519092508512,2303,674.5851208023578,[[7\, 2]\, [47\, 1]]
73/70,72.64985032206106,2555,1022.3041739474626,[[5\, 1]\, [7\, 1]\, [73\, 1]]
24/23,73.68065359697192,69,63.393297103231994,[[3\, 1]\, [23\, 1]]
1069/1024,74.45536526458872,1069,233.84933416440623,[[1069\, 1]]
71/68,74.7411339052113,1207,359.74974864555253,[[17\, 1]\, [71\, 1]]
47/45,75.2829064175553,2115,649.1558533446569,[[3\, 2]\, [5\, 1]\, [47\, 1]]
70/67,75.83259178463267,2345,856.8084917265844,[[5\, 1]\, [7\, 1]\, [67\, 1]]
23/22,76.95640490365868,253,151.4499940069581,[[11\, 1]\, [23\, 1]]
68/65,78.11403386626198,1105,328.0975550161367,[[5\, 1]\, [13\, 1]\, [17\, 1]]
45/43,78.70600995309226,1935,570.141955156012,[[3\, 2]\, [5\, 1]\, [43\, 1]]
67/64,79.30702854932693,67,60.437913643264956,[[67\, 1]]
22/21,80.53703503024444,231,153.07157168105655,[[3\, 1]\, [7\, 1]\, [11\, 1]]
65/62,81.80580316989509,2015,652.6621540508842,[[5\, 1]\, [13\, 1]\, [31\, 1]]
43/41,82.45530010081715,1763,493.9761085706943,[[41\, 1]\, [43\, 1]]
64/61,83.11519492453655,61,54.54568218461293,[[61\, 1]]
21/20,84.4671934696776,105,90.91268386267483,[[3\, 1]\, [5\, 1]\, [7\, 1]]
269/256,85.75483506794897,269,142.3903253320325,[[269\, 1]]
62/59,85.86391323004088,1829,624.9753787284276,[[31\, 1]\, [59\, 1]]
41/39,86.57974290700248,1599,566.232401790614,[[3\, 1]\, [13\, 1]\, [41\, 1]]
61/58,87.30761092237698,1769,635.8963453252402,[[29\, 1]\, [61\, 1]]
20/19,88.80069773253213,95,77.25614319415332,[[5\, 1]\, [19\, 1]]
79/75,89.9544692174663,5925,1886.845529874093,[[3\, 1]\, [5\, 2]\, [79\, 1]]
59/56,90.34575276508464,413,219.9999612662076,[[7\, 1]\, [59\, 1]]
39/37,91.1386238799581,1443,592.6698386836547,[[3\, 1]\, [13\, 1]\, [37\, 1]]
58/55,91.94553792349487,1595,689.3509054317046,[[5\, 1]\, [11\, 1]\, [29\, 1]]
77/73,92.35437817786095,5621,1741.157946876571,[[7\, 1]\, [11\, 1]\, [73\, 1]]
19/18,93.60301440152779,171,116.44409440983283,[[3\, 2]\, [19\, 1]]
75/71,94.88588518943845,5325,1478.7044535247355,[[3\, 1]\, [5\, 2]\, [71\, 1]]
56/53,95.3213609932859,371,201.0112374837494,[[7\, 1]\, [53\, 1]]
541/512,95.3817405921783,541,237.1977558685542,[[541\, 1]]
37/35,96.20441842078003,1295,653.3143879436099,[[5\, 1]\, [7\, 1]\, [37\, 1]]
55/52,97.10399446028096,715,376.35417345650234,[[5\, 1]\, [11\, 1]\, [13\, 1]]
73/69,97.56012252221787,5037,1210.9145743374424,[[3\, 1]\, [23\, 1]\, [73\, 1]]
271/256,98.57884962464587,271,129.75432531463807,[[271\, 1]]
18/17,98.95459223036757,153,98.73295969473847,[[3\, 2]\, [17\, 1]]
71/67,100.38951485629148,4757,1255.7888739207906,[[67\, 1]\, [71\, 1]]
53/50,100.87711774616946,1325,802.4208044009853,[[5\, 2]\, [53\, 1]]
35/33,101.86667710381553,1155,683.018205194999,[[3\, 1]\, [5\, 1]\, [7\, 1]\, [11\, 1]]
52/49,102.87584883106085,637,307.21285337729165,[[7\, 2]\, [13\, 1]]
1087/1024,103.363470032771,1087,437.21488968290174,[[1087\, 1]]
69/65,103.38797249965745,4485,1356.543482641807,[[3\, 1]\, [5\, 1]\, [13\, 1]\, [23\, 1]]
17/16,104.95540950040728,17,16.42047328833033,[[17\, 1]]
67/63,106.57112034942715,4221,1346.1258166455757,[[3\, 2]\, [7\, 1]\, [67\, 1]]
50/47,107.12080571650476,1175,726.9279764422698,[[5\, 2]\, [47\, 1]]
33/31,108.23737076589379,1023,457.2471534902555,[[3\, 1]\, [11\, 1]\, [31\, 1]]
49/46,109.37746566983452,1127,557.9835237865491,[[7\, 2]\, [23\, 1]]
1091/1024,109.72246358832867,1091,466.6229528606609,[[1091\, 1]]
65/61,109.956570558682,3965,1229.8141561564241,[[5\, 1]\, [13\, 1]\, [61\, 1]]
16/15,111.73128526977774,15,15.0,[[3\, 1]\, [5\, 1]]
1093/1024,112.89322280628556,1093,463.9783710439787,[[1093\, 1]]
79/74,113.19285905778374,2923,881.9369313262188,[[37\, 1]\, [79\, 1]]
63/59,113.56424896569033,3717,1234.5813231035852,[[3\, 2]\, [7\, 1]\, [59\, 1]]
47/44,114.18867964840804,517,191.94335134178104,[[11\, 1]\, [47\, 1]]
547/512,114.47642735106787,547,200.40192103986405,[[547\, 1]]
78/73,114.69319197867742,2847,841.6819926055609,[[3\, 1]\, [13\, 1]\, [73\, 1]]
31/29,115.45837831116357,899,393.17254493956796,[[29\, 1]\, [31\, 1]]
77/72,116.23384710310677,693,385.8979649079159,[[3\, 2]\, [7\, 1]\, [11\, 1]]
46/43,116.75664162589777,989,405.6272127595399,[[23\, 1]\, [43\, 1]]
61/57,117.41678807777352,3477,1022.9570589141488,[[3\, 1]\, [19\, 1]\, [61\, 1]]
137/128,117.63849955263207,137,85.64952715385967,[[137\, 1]]
76/71,117.81647272668397,1349,575.3765779237418,[[19\, 1]\, [71\, 1]]
1097/1024,119.21737248383147,1097,369.33802675303434,[[1097\, 1]]
15/14,119.44280826109726,105,88.16137921920685,[[3\, 1]\, [5\, 1]\, [7\, 1]]
74/69,121.11469062093703,2553,702.3217923235306,[[3\, 1]\, [23\, 1]\, [37\, 1]]
59/55,121.54000300461803,3245,1064.885937002395,[[5\, 1]\, [11\, 1]\, [59\, 1]]
44/41,122.25553682305639,451,161.619174086577,[[11\, 1]\, [41\, 1]]
73/68,122.83406115561333,1241,395.59816808022555,[[17\, 1]\, [73\, 1]]
29/27,123.71219155692447,783,-43.42137979278951,[[3\, 3]\, [29\, 1]]
72/67,124.60297318144791,603,210.13998404248443,[[3\, 2]\, [67\, 1]]
43/40,125.20399177768263,215,105.15232710268137,[[5\, 1]\, [43\, 1]]
57/53,125.96347152185096,3021,1052.5084445333814,[[3\, 1]\, [19\, 1]\, [53\, 1]]
71/66,126.42360017547423,2343,633.4324266382376,[[3\, 1]\, [11\, 1]\, [71\, 1]]
14/13,128.29824469981426,91,79.31212311041443,[[7\, 1]\, [13\, 1]]
1103/1024,128.66049070965911,1103,150.5343073223171,[[1103\, 1]]
69/64,130.22934813380286,69,53.79765947945242,[[3\, 1]\, [23\, 1]]
55/51,130.72124586379672,2805,1188.8382073938908,[[3\, 1]\, [5\, 1]\, [11\, 1]\, [17\, 1]]
41/38,131.54938940939786,779,-1228.9000557950612,[[19\, 1]\, [41\, 1]]
68/63,132.21950130050743,1071,13.235265307839532,[[3\, 2]\, [7\, 1]\, [17\, 1]]
27/25,133.23757486649274,675,2888.950083917698,[[3\, 3]\, [5\, 2]]
67/62,134.27145608507655,2077,724.6827990058786,[[31\, 1]\, [67\, 1]]
40/37,134.96967511009518,185,88.52587003390585,[[5\, 1]\, [37\, 1]]
53/49,135.8527325375893,2597,1102.5995775221618,[[7\, 2]\, [53\, 1]]
66/61,136.38813815468075,2013,673.1372328490249,[[3\, 1]\, [11\, 1]\, [61\, 1]]
277/256,136.490599259026,277,93.24129892146085,[[277\, 1]]
79/73,136.74742715650302,5767,1857.370751920004,[[73\, 1]\, [79\, 1]]
1109/1024,138.05238019405192,1109,241.0324819735614,[[1109\, 1]]
13/12,138.57266090392307,39,37.0249243131964,[[3\, 1]\, [13\, 1]]
77/71,140.44730542826332,5467,1701.1297503816663,[[7\, 1]\, [11\, 1]\, [71\, 1]]
64/59,140.82834076579047,59,42.21134126299513,[[59\, 1]]
51/47,141.4037883526297,2397,894.7339577164531,[[3\, 1]\, [17\, 1]\, [47\, 1]]
38/35,142.3733957983427,665,399.2078316671587,[[5\, 1]\, [7\, 1]\, [19\, 1]]
139/128,142.7292872682089,139,57.14576140470368,[[139\, 1]]
63/58,143.15871404681332,1827,685.4319239568517,[[3\, 2]\, [7\, 1]\, [29\, 1]]
25/23,144.3530804612541,575,328.58098124997525,[[5\, 2]\, [23\, 1]]
62/57,145.56755546656032,1767,458.93706800865374,[[3\, 1]\, [19\, 1]\, [31\, 1]]
557/512,145.8402208080381,557,212.72587642019354,[[557\, 1]]
37/34,146.3886292543323,629,339.2502155097519,[[17\, 1]\, [37\, 1]]
49/45,147.42809734264006,2205,786.1348746401709,[[3\, 2]\, [5\, 1]\, [7\, 2]]
61/56,148.05889860633846,427,183.59782682870522,[[7\, 1]\, [61\, 1]]
73/67,148.4824421066938,4891,1032.004296473486,[[67\, 1]\, [73\, 1]]
1117/1024,150.49616457997783,1117,336.8434625635677,[[1117\, 1]]
12/11,150.6370585006306,33,32.81545562332272,[[3\, 1]\, [11\, 1]]
71/65,152.8551677714729,4615,879.5851042942083,[[5\, 1]\, [13\, 1]\, [71\, 1]]
59/54,153.3066566380472,1593,187.59819820330128,[[3\, 3]\, [59\, 1]]
47/43,153.98891637064725,2021,425.911682304827,[[43\, 1]\, [47\, 1]]
35/32,155.13962033395975,35,34.40133370940305,[[5\, 1]\, [7\, 1]]
58/53,156.07264867724749,1537,395.99445253611157,[[29\, 1]\, [53\, 1]]
23/21,157.49343993390326,483,257.15905072369446,[[3\, 1]\, [7\, 1]\, [23\, 1]]
80/73,158.52424320881403,365,171.47353213682115,[[5\, 1]\, [73\, 1]]
57/52,158.9403552283796,741,362.4147351894032,[[3\, 1]\, [13\, 1]\, [19\, 1]]
1123/1024,159.7706548807214,1123,378.0490271272914,[[1123\, 1]]
34/31,159.9198370361569,527,281.5914871200076,[[17\, 1]\, [31\, 1]]
79/72,160.62689608174884,711,324.81993736224496,[[3\, 2]\, [79\, 1]]
45/41,161.16131005390935,1845,497.064806009843,[[3\, 2]\, [5\, 1]\, [41\, 1]]
281/256,161.31158426511132,281,73.81026257176771,[[281\, 1]]
56/51,161.91549610333038,357,195.97660745226378,[[3\, 1]\, [7\, 1]\, [17\, 1]]
67/61,162.42222347386357,4087,835.4580152203312,[[61\, 1]\, [67\, 1]]
78/71,162.78611922907967,2769,682.2997738217978,[[3\, 1]\, [13\, 1]\, [71\, 1]]
563/512,164.3893344962755,563,260.888341043947,[[563\, 1]]
11/10,165.00422849992202,55,44.81923372296737,[[5\, 1]\, [11\, 1]]
76/69,167.28366799849974,1311,589.8626012251736,[[3\, 1]\, [19\, 1]\, [23\, 1]]
65/59,167.66971639993582,3835,894.4314423467767,[[5\, 1]\, [13\, 1]\, [59\, 1]]
54/49,168.2131896579122,1323,350.10242017103275,[[3\, 3]\, [7\, 2]]
1129/1024,168.99572492760103,1129,336.5367702282356,[[1129\, 1]]
43/39,169.03504300781964,1677,522.7216128102637,[[3\, 1]\, [13\, 1]\, [43\, 1]]
75/68,169.62701909464988,1275,596.5079940331882,[[3\, 1]\, [5\, 2]\, [17\, 1]]
32/29,170.42280584691343,29,28.728362148947014,[[29\, 1]]
53/48,171.54954461045173,159,69.66778046800407,[[3\, 1]\, [53\, 1]]
74/67,172.03701020541294,2479,699.0662510209435,[[37\, 1]\, [67\, 1]]
21/19,173.2678912022099,399,243.26113894964845,[[3\, 1]\, [7\, 1]\, [19\, 1]]
283/256,173.5898913982588,283,132.99543664227917,[[283\, 1]]
73/66,174.5165274258764,2409,679.4164884961054,[[3\, 1]\, [11\, 1]\, [73\, 1]]
52/47,175.02103975614583,611,323.9865135766704,[[13\, 1]\, [47\, 1]]
31/28,176.20966599512542,217,141.38750769605454,[[7\, 1]\, [31\, 1]]
72/65,177.06862609662952,585,306.0895680440914,[[3\, 2]\, [5\, 1]\, [13\, 1]]
41/37,177.7183667869607,1517,550.5417353506871,[[37\, 1]\, [41\, 1]]
51/46,178.6360630973793,1173,425.7468778618457,[[3\, 1]\, [17\, 1]\, [23\, 1]]
61/55,179.25314884587206,3355,904.2063490795521,[[5\, 1]\, [11\, 1]\, [61\, 1]]
71/64,179.69654340561846,71,50.46459366242938,[[71\, 1]]
10/9,182.40371213406007,45,45.0,[[3\, 2]\, [5\, 1]]
569/512,182.74181076789833,569,257.28839327403017,[[569\, 1]]
79/71,184.84035440690516,5609,1491.6188399285666,[[71\, 1]\, [79\, 1]]
69/62,185.19377566955245,2139,740.9421839684602,[[3\, 1]\, [23\, 1]\, [31\, 1]]
59/53,185.66711375837048,3127,859.9181020365404,[[53\, 1]\, [59\, 1]]
49/44,186.33387057349302,539,282.9536364101475,[[7\, 2]\, [11\, 1]]
39/35,187.34304230073832,1365,660.836792612643,[[3\, 1]\, [5\, 1]\, [7\, 1]\, [13\, 1]]
68/61,188.0706044249436,1037,403.59376182969896,[[17\, 1]\, [61\, 1]]
571/512,188.81632243541134,571,268.4493611397864,[[571\, 1]]
29/26,189.049532383776,377,197.48603376070685,[[13\, 1]\, [29\, 1]]
77/69,189.9145007000789,5313,1698.596992516534,[[3\, 1]\, [7\, 1]\, [11\, 1]\, [23\, 1]]
48/43,190.43729522286986,129,77.1886989284935,[[3\, 1]\, [43\, 1]]
67/60,191.03831381910473,1005,367.1454594700204,[[3\, 1]\, [5\, 1]\, [67\, 1]]
19/17,192.55760663189534,323,176.4335869967968,[[17\, 1]\, [19\, 1]]
66/59,194.1012839959345,1947,626.3958720538902,[[3\, 1]\, [11\, 1]\, [59\, 1]]
47/42,194.72571467865254,987,331.5443189059308,[[3\, 1]\, [7\, 1]\, [47\, 1]]
75/67,195.27540004572998,5025,1201.5366959717314,[[3\, 1]\, [5\, 2]\, [67\, 1]]
28/25,196.19847873945548,175,157.34153550989623,[[5\, 2]\, [7\, 1]]
65/58,197.26418148105873,1885,556.2151268136964,[[5\, 1]\, [13\, 1]\, [29\, 1]]
37/33,198.07109552459545,1221,414.89941098930245,[[3\, 1]\, [11\, 1]\, [37\, 1]]
46/41,199.2119417267152,943,256.5065388016144,[[23\, 1]\, [41\, 1]]
55/49,199.97984329134155,2695,855.2656754900075,[[5\, 1]\, [7\, 2]\, [11\, 1]]
64/57,200.5319830023099,57,36.96550565591646,[[3\, 1]\, [19\, 1]]
73/65,200.94809502187528,4745,1174.6574424727287,[[5\, 1]\, [13\, 1]\, [73\, 1]]
1151/1024,202.40654175867652,1151,377.3101080279478,[[1151\, 1]]
9/8,203.91000173077484,9,9.0,[[3\, 2]]
1153/1024,205.4121571821262,1153,427.9811717861088,[[1153\, 1]]
80/71,206.61717045921642,355,184.6477980328084,[[5\, 1]\, [71\, 1]]
577/512,206.913010374579,577,249.84841927836277,[[577\, 1]]
71/63,206.96063520571872,4473,1298.4742623549414,[[3\, 2]\, [7\, 1]\, [71\, 1]]
62/55,207.40391623465862,1705,636.1114967776792,[[5\, 1]\, [11\, 1]\, [31\, 1]]
53/47,207.99792346267412,2491,739.648828473688,[[47\, 1]\, [53\, 1]]
44/39,208.83527973005866,429,261.21191095584845,[[3\, 1]\, [11\, 1]\, [13\, 1]]
79/70,209.39727747856375,2765,970.4580917053898,[[5\, 1]\, [7\, 1]\, [79\, 1]]
35/31,210.10404786970966,1085,514.8215728410482,[[5\, 1]\, [7\, 1]\, [31\, 1]]
61/54,211.01980247930115,1647,589.611993160409,[[3\, 3]\, [61\, 1]]
26/23,212.25331450089502,299,212.918189004057,[[13\, 1]\, [23\, 1]]
69/61,213.3445430583392,4209,1081.503283822054,[[3\, 1]\, [23\, 1]\, [61\, 1]]
43/38,214.0046895102149,817,404.2831006135224,[[19\, 1]\, [43\, 1]]
60/53,214.76416925438318,795,382.7032535284672,[[3\, 1]\, [5\, 1]\, [53\, 1]]
77/68,215.1884393334743,1309,724.2380865703193,[[7\, 1]\, [11\, 1]\, [17\, 1]]
17/15,216.686694770185,255,160.22272808813725,[[3\, 1]\, [5\, 1]\, [17\, 1]]
76/67,218.20598758297558,1273,516.4571563667685,[[19\, 1]\, [67\, 1]]
59/52,218.64399746489886,767,304.76039114223914,[[13\, 1]\, [59\, 1]]
42/37,219.43686857977252,777,382.8973590594999,[[3\, 1]\, [7\, 1]\, [37\, 1]]
67/59,220.13536931511752,3953,1020.5297024057509,[[59\, 1]\, [67\, 1]]
1163/1024,220.36245776786205,1163,457.2896191654459,[[1163\, 1]]
25/22,221.3094853649131,275,225.08748305308194,[[5\, 2]\, [11\, 1]]
58/51,222.66678378729176,1479,691.510631686304,[[3\, 1]\, [17\, 1]\, [29\, 1]]
33/29,223.69574907705766,957,401.47990780539965,[[3\, 1]\, [11\, 1]\, [29\, 1]]
74/65,224.50266312059426,2405,877.4577173433236,[[5\, 1]\, [13\, 1]\, [37\, 1]]
41/36,225.15240381092553,369,207.5213353623977,[[3\, 2]\, [41\, 1]]
49/43,226.13410729573238,2107,791.683581795048,[[7\, 2]\, [43\, 1]]
57/50,226.84058926802024,1425,683.1108781839661,[[3\, 1]\, [5\, 2]\, [19\, 1]]
65/57,227.37335863645538,3705,1295.2252903192627,[[3\, 1]\, [5\, 1]\, [13\, 1]\, [19\, 1]]
73/64,227.78947065602068,73,22.967128950501195,[[73\, 1]]
8/7,231.17409353087498,7,7.0,[[7\, 1]]
1171/1024,232.23043260145812,1171,273.29070237007863,[[1171\, 1]]
293/256,233.70822530669747,293,121.5752661904746,[[293\, 1]]
79/69,234.3075496787206,5451,1837.9422962331998,[[3\, 1]\, [23\, 1]\, [79\, 1]]
71/62,234.66097094136836,2201,720.3410383516133,[[31\, 1]\, [71\, 1]]
63/55,235.1042519703083,3465,1523.0566663466402,[[3\, 2]\, [5\, 1]\, [7\, 1]\, [11\, 1]]
55/48,235.676655364204,165,86.99892113146889,[[3\, 1]\, [5\, 1]\, [11\, 1]]
47/41,236.44421647146427,1927,438.64133950852624,[[41\, 1]\, [47\, 1]]
587/512,236.66003173206263,587,187.01210111072706,[[587\, 1]]
39/34,237.5272531342906,663,310.09609304633983,[[3\, 1]\, [13\, 1]\, [17\, 1]]
70/61,238.2548152584961,2135,718.0081939108929,[[5\, 1]\, [7\, 1]\, [61\, 1]]
31/27,239.170569868088,837,169.2314675182179,[[3\, 3]\, [31\, 1]]
54/47,240.35838058299757,1269,40.444332865506055,[[3\, 3]\, [47\, 1]]
77/67,240.8368202845547,5159,1973.7854426875933,[[7\, 1]\, [11\, 1]\, [67\, 1]]
23/20,241.9606334035805,115,64.48254119344605,[[5\, 1]\, [23\, 1]]
61/53,243.38025959962448,3233,799.3039165706609,[[53\, 1]\, [61\, 1]]
38/33,244.2400729021586,627,328.15959381748337,[[3\, 1]\, [11\, 1]\, [19\, 1]]
53/46,245.23019820742357,1219,454.86960975101266,[[23\, 1]\, [53\, 1]]
68/59,245.78375026619784,1003,378.358713371518,[[17\, 1]\, [59\, 1]]
1181/1024,246.95189927658868,1181,412.5329475310338,[[1181\, 1]]
15/13,247.7410529609115,195,121.70248986459272,[[3\, 1]\, [5\, 1]\, [13\, 1]]
67/58,249.72983439624034,1943,526.594652233491,[[29\, 1]\, [67\, 1]]
52/45,250.30394617370078,585,310.69400047029364,[[3\, 2]\, [5\, 1]\, [13\, 1]]
37/32,251.34403875473973,37,28.393401909147553,[[37\, 1]]
59/51,252.26124886841498,3009,751.1771889268556,[[3\, 1]\, [17\, 1]\, [59\, 1]]
22/19,253.8049262324542,209,127.40185815792387,[[11\, 1]\, [19\, 1]]
593/512,254.2659534552044,593,321.6975156955254,[[593\, 1]]
73/63,255.05356245612106,4599,1117.0646016322894,[[3\, 2]\, [7\, 1]\, [73\, 1]]
51/44,255.59246800103813,561,307.7990617926461,[[3\, 1]\, [11\, 1]\, [17\, 1]]
1187/1024,255.72506357028806,1187,463.32004629026164,[[1187\, 1]]
80/69,256.08436573103205,345,170.6679085097132,[[3\, 1]\, [5\, 1]\, [23\, 1]]
29/25,256.9497664234168,725,405.6652747790264,[[5\, 2]\, [29\, 1]]
65/56,258.01546916502065,455,269.7787656233409,[[5\, 1]\, [7\, 1]\, [13\, 1]]
36/31,258.87442926652466,279,126.40717194165757,[[3\, 2]\, [31\, 1]]
79/68,259.5814883121164,1343,505.8828835221804,[[17\, 1]\, [79\, 1]]
43/37,260.17366688777764,1591,557.4300742740844,[[37\, 1]\, [43\, 1]]
50/43,261.1097220871522,1075,449.8607157810507,[[5\, 2]\, [43\, 1]]
57/49,261.8162040594401,2793,854.5582949521681,[[3\, 1]\, [7\, 2]\, [19\, 1]]
64/55,262.3683437704084,55,37.92253073511635,[[5\, 1]\, [11\, 1]]
71/61,262.81173833015487,4331,977.0557583326666,[[61\, 1]\, [71\, 1]]
149/128,263.00222455459385,149,53.52901998955841,[[149\, 1]]
78/67,263.17563408537114,2613,706.7499590380918,[[3\, 1]\, [13\, 1]\, [67\, 1]]
1193/1024,264.45399323427364,1193,373.7289858102672,[[1193\, 1]]
7/6,266.87090560373764,21,20.891752057752445,[[3\, 1]\, [7\, 1]]
76/65,270.6716404981573,1235,391.3020702268394,[[5\, 1]\, [13\, 1]\, [19\, 1]]
69/59,271.05768889959336,4071,1015.6286758833425,[[3\, 1]\, [23\, 1]\, [59\, 1]]
62/53,271.53102698841116,1643,564.3338791835215,[[31\, 1]\, [53\, 1]]
599/512,271.6946313465428,599,180.54594400667557,[[599\, 1]]
55/47,272.1250342164267,2585,817.2979819619676,[[5\, 1]\, [11\, 1]\, [47\, 1]]
48/41,272.89259532368686,123,68.77478481600869,[[3\, 1]\, [41\, 1]]
41/35,273.9227852077408,1435,492.2236919531156,[[5\, 1]\, [7\, 1]\, [41\, 1]]
75/64,274.5824285950571,75,63.73688680731328,[[3\, 1]\, [5\, 2]]
34/29,275.37821534732063,493,164.68244712898175,[[17\, 1]\, [29\, 1]]
1201/1024,276.02452284676093,1201,252.23045467848695,[[1201\, 1]]
61/52,276.35714330615303,793,165.44065435885662,[[13\, 1]\, [61\, 1]]
601/512,277.46541685342254,601,207.4022721957861,[[601\, 1]]
27/23,277.59065532774696,621,62.69222592820863,[[3\, 3]\, [23\, 1]]
74/63,278.60813055484005,2331,834.0983286192053,[[3\, 2]\, [7\, 1]\, [37\, 1]]
47/40,279.1929081483301,235,142.9701010088264,[[5\, 1]\, [47\, 1]]
67/57,279.83901155163704,3819,1043.6931242816127,[[3\, 1]\, [19\, 1]\, [67\, 1]]
20/17,281.35830436442757,85,76.36540429416816,[[5\, 1]\, [17\, 1]]
73/62,282.75389819177053,2263,649.5678690982878,[[31\, 1]\, [73\, 1]]
53/45,283.2808298802294,2385,840.7985531605369,[[3\, 2]\, [5\, 1]\, [53\, 1]]
33/28,284.44703676101926,231,182.51647880195085,[[3\, 1]\, [7\, 1]\, [11\, 1]]
79/67,285.2298692631967,5293,1389.625106458908,[[67\, 1]\, [79\, 1]]
46/39,285.79168463371747,897,357.3264543703403,[[3\, 1]\, [13\, 1]\, [23\, 1]]
151/128,286.0856871900947,151,127.03521675831502,[[151\, 1]]
59/50,286.54423150453977,1475,645.048703413425,[[5\, 2]\, [59\, 1]]
72/61,287.0251966553113,549,288.1729186753281,[[3\, 2]\, [61\, 1]]
13/11,289.209719404554,143,163.51400374214273,[[11\, 1]\, [13\, 1]]
71/60,291.42782867539626,1065,522.7906675922098,[[3\, 1]\, [5\, 1]\, [71\, 1]]
58/49,291.92538121483665,1421,667.0811242617481,[[7\, 2]\, [29\, 1]]
45/38,292.7106994633069,855,498.1132348715498,[[3\, 2]\, [5\, 1]\, [19\, 1]]
1213/1024,293.23660214461233,1213,597.0667754002266,[[1213\, 1]]
77/65,293.30247319973626,5005,2187.8468876284896,[[5\, 1]\, [7\, 1]\, [11\, 1]\, [13\, 1]]
32/27,294.13499740383764,27,30.096733965514737,[[3\, 3]]
607/512,294.6632475068185,607,483.3921239018565,[[607\, 1]]
51/43,295.39270472327735,2193,974.6551518191455,[[3\, 1]\, [17\, 1]\, [43\, 1]]
70/59,295.96796109975014,2065,894.6794054675762,[[5\, 1]\, [7\, 1]\, [59\, 1]]
19/16,297.5130161323026,19,18.666163741062064,[[19\, 1]]
1217/1024,298.93614325647405,1217,528.549479130002,[[1217\, 1]]
63/53,299.23136272406066,3339,1073.6436375447452,[[3\, 2]\, [7\, 1]\, [53\, 1]]
44/37,299.9739036100171,407,320.5332990219878,[[11\, 1]\, [37\, 1]]
69/58,300.6521539807164,2001,628.820528339049,[[3\, 1]\, [23\, 1]\, [29\, 1]]
25/21,301.84652039515726,525,455.6384224201245,[[3\, 1]\, [5\, 2]\, [7\, 1]]
56/47,303.31928445596003,329,250.8661449179999,[[7\, 1]\, [47\, 1]]
31/26,304.5079106949396,403,294.36125334505056,[[13\, 1]\, [31\, 1]]
68/57,305.48739250271717,969,480.7028542078296,[[3\, 1]\, [17\, 1]\, [19\, 1]]
37/31,306.3084662904896,1147,508.02552037604625,[[31\, 1]\, [37\, 1]]
80/67,307.00668531550775,335,221.1074029902527,[[5\, 1]\, [67\, 1]]
1223/1024,307.450426232864,1223,518.7322651344912,[[1223\, 1]]
43/36,307.60770391174265,387,243.07514617790278,[[3\, 2]\, [43\, 1]]
49/41,308.58940739654935,2009,669.1316740525225,[[7\, 2]\, [41\, 1]]
55/46,309.35730896117605,1265,585.601909800951,[[5\, 1]\, [11\, 1]\, [23\, 1]]
61/51,309.9743947096688,3111,899.9247924766914,[[3\, 1]\, [17\, 1]\, [61\, 1]]
67/56,310.48112208020194,469,285.80092199442845,[[7\, 1]\, [67\, 1]]
73/61,310.90466558055715,4453,1028.3902097351904,[[61\, 1]\, [73\, 1]]
79/66,311.2639545823794,2607,771.7099703293915,[[3\, 1]\, [11\, 1]\, [79\, 1]]
613/512,311.6919164289378,613,351.1173639813892,[[613\, 1]]
307/256,314.5138144442153,307,80.55006368012172,[[307\, 1]]
6/5,315.64128700055255,15,15.0,[[3\, 1]\, [5\, 1]]
1229/1024,315.923040447194,1229,450.2540049974762,[[1229\, 1]]
1231/1024,318.7380557813488,1231,464.3123351327087,[[1231\, 1]]
77/64,320.14384883388163,77,67.47379179139718,[[7\, 1]\, [11\, 1]]
71/59,320.52488417140887,4189,713.1114463549402,[[59\, 1]\, [71\, 1]]
65/54,320.97637303798314,1755,130.62747027584575,[[3\, 3]\, [5\, 1]\, [13\, 1]]
59/49,321.51984629595967,2891,651.4019829332944,[[7\, 2]\, [59\, 1]]
53/44,322.1866031110823,583,227.23845545264052,[[11\, 1]\, [53\, 1]]
617/512,322.9520149793015,617,234.97803558463292,[[617\, 1]]
47/39,323.02395937846677,1833,435.40707926305885,[[3\, 1]\, [13\, 1]\, [47\, 1]]
41/34,324.10699604129303,697,272.6931656867164,[[17\, 1]\, [41\, 1]]
76/63,324.7771079324027,1197,599.7529732984067,[[3\, 2]\, [7\, 1]\, [19\, 1]]
35/29,325.56242618087316,1015,465.34463320412584,[[5\, 1]\, [7\, 1]\, [29\, 1]]
64/53,326.4954545241609,53,41.1064949521117,[[53\, 1]]
1237/1024,327.15574197164364,1237,575.4475948421305,[[1237\, 1]]
29/24,327.622193287699,87,68.87139008029392,[[3\, 1]\, [29\, 1]]
619/512,328.5547190571176,619,239.0407957258675,[[619\, 1]]
52/43,329.00995612679293,559,213.43850851809444,[[13\, 1]\, [43\, 1]]
75/62,329.5468561308068,2325,845.5030475260432,[[3\, 1]\, [5\, 2]\, [31\, 1]]
23/19,330.7613311361128,437,159.55690491612123,[[19\, 1]\, [23\, 1]]
63/52,332.20824643058904,819,405.1600446718867,[[3\, 2]\, [7\, 1]\, [13\, 1]]
40/33,333.0407706346908,165,119.41831916837408,[[3\, 1]\, [5\, 1]\, [11\, 1]]
57/47,333.96139498452527,2679,828.4033866220252,[[3\, 1]\, [19\, 1]\, [47\, 1]]
74/61,334.4592336792763,2257,624.1128477565628,[[37\, 1]\, [61\, 1]]
17/14,336.12950303128224,119,96.89620755896424,[[7\, 1]\, [17\, 1]]
311/256,336.924924156723,311,119.32376114703222,[[311\, 1]]
79/65,337.6955221783779,5135,1083.1093566754112,[[5\, 1]\, [13\, 1]\, [79\, 1]]
62/51,338.1251620984554,1581,587.8372831713382,[[3\, 1]\, [17\, 1]\, [31\, 1]]
45/37,338.87967684086993,1665,644.481450767609,[[3\, 2]\, [5\, 1]\, [37\, 1]]
73/60,339.52075592579826,1095,425.3113462830722,[[3\, 1]\, [5\, 1]\, [73\, 1]]
28/23,340.5515592007096,161,113.39246094534059,[[7\, 1]\, [23\, 1]]
67/55,341.67537231973546,3685,949.0727990315394,[[5\, 1]\, [11\, 1]\, [67\, 1]]
39/32,342.48266263469804,39,36.34585369636003,[[3\, 1]\, [13\, 1]]
50/41,343.56502218796913,1025,447.24686162781217,[[5\, 2]\, [41\, 1]]
1249/1024,343.86931392954887,1249,486.6261649073311,[[1249\, 1]]
61/50,344.2573773457938,1525,659.6053374344748,[[5\, 2]\, [61\, 1]]
72/59,344.73834249656545,531,167.61575970886378,[[3\, 2]\, [59\, 1]]
11/9,347.407940633982,99,73.73674778376501,[[3\, 2]\, [11\, 1]]
313/256,348.022616319142,313,80.34485934378918,[[313\, 1]]
71/58,350.1193492525318,2059,847.015785753852,[[29\, 1]\, [71\, 1]]
60/49,350.6169017919724,735,341.35178721824883,[[3\, 1]\, [5\, 1]\, [7\, 2]]
49/40,351.33809907341515,245,144.47384968624104,[[5\, 1]\, [7\, 2]]
38/31,352.4774436680524,589,243.54610775885473,[[19\, 1]\, [31\, 1]]
65/53,353.3368301583063,3445,1195.667691569582,[[5\, 1]\, [13\, 1]\, [53\, 1]]
157/128,353.5448986699524,157,72.11778126963632,[[157\, 1]]
27/22,354.54706023140557,297,-984.6697661974545,[[3\, 3]\, [11\, 1]]
70/57,355.6716033362698,1995,1047.835885640758,[[3\, 1]\, [5\, 1]\, [7\, 1]\, [19\, 1]]
43/35,356.37808530855784,1505,710.1893078825167,[[5\, 1]\, [7\, 1]\, [43\, 1]]
59/48,357.2166583688222,177,88.95113632661588,[[3\, 1]\, [59\, 1]]
1259/1024,357.67508126281984,1259,452.69429486270514,[[1259\, 1]]
75/61,357.69762351959355,4575,1547.8410644130936,[[3\, 1]\, [5\, 2]\, [61\, 1]]
16/13,359.4723382306895,13,12.83865301765761,[[13\, 1]]
69/56,361.40344166467804,483,286.05627814219156,[[3\, 1]\, [7\, 1]\, [23\, 1]]
631/512,361.79543397905877,631,323.6795780118822,[[631\, 1]]
53/43,361.9868398333214,2279,761.6983272497586,[[43\, 1]\, [53\, 1]]
37/30,363.07532402451756,555,313.8061187779728,[[3\, 1]\, [5\, 1]\, [37\, 1]]
58/47,364.0705721399217,1363,532.7628724597007,[[29\, 1]\, [47\, 1]]
79/64,364.53689781252353,79,40.780855589430836,[[79\, 1]]
21/17,365.82549783410514,357,257.2659145095313,[[3\, 1]\, [7\, 1]\, [17\, 1]]
68/55,367.3237532708157,935,477.9613472789635,[[5\, 1]\, [11\, 1]\, [17\, 1]]
47/38,367.99360588086233,893,415.13947929019236,[[19\, 1]\, [47\, 1]]
73/59,368.6178114218112,4307,904.1844038888172,[[59\, 1]\, [73\, 1]]
26/21,369.74675443479833,273,227.06756676335462,[[3\, 1]\, [7\, 1]\, [13\, 1]]
317/256,370.0068361672887,317,237.93315586629294,[[317\, 1]]
57/46,371.19366972927446,1311,544.3870122264997,[[3\, 1]\, [19\, 1]\, [23\, 1]]
31/25,372.4081447345806,775,422.73456301909334,[[5\, 2]\, [31\, 1]]
67/54,373.4420259531646,1809,519.2439910186318,[[3\, 3]\, [67\, 1]]
36/29,374.33280757768836,261,160.90843654004118,[[3\, 2]\, [29\, 1]]
77/62,375.1082763696314,2387,991.0041082694903,[[7\, 1]\, [11\, 1]\, [31\, 1]]
41/33,375.78946231155635,1353,594.313702519913,[[3\, 1]\, [11\, 1]\, [41\, 1]]
46/37,376.93030851367564,851,410.72652964239484,[[23\, 1]\, [37\, 1]]
51/41,377.8480048240943,2091,724.2978388781581,[[3\, 1]\, [17\, 1]\, [41\, 1]]
56/45,378.60219087351527,315,255.68594911473772,[[3\, 2]\, [5\, 1]\, [7\, 1]]
61/49,379.2329921372137,2989,1071.6811804236759,[[7\, 2]\, [61\, 1]]
66/53,379.768397754305,1749,713.2283332360183,[[3\, 1]\, [11\, 1]\, [53\, 1]]
71/57,380.2285264079286,4047,1238.8551855453138,[[3\, 1]\, [19\, 1]\, [71\, 1]]
76/61,380.6282110568391,1159,458.8993561089613,[[19\, 1]\, [61\, 1]]
1277/1024,382.25137164326856,1277,433.13443904058676,[[1277\, 1]]
1279/1024,384.9606586579644,1279,385.5894131175209,[[1279\, 1]]
5/4,386.3137138648348,5,5.0,[[5\, 1]]
641/512,389.0166559424892,641,219.03760042769696,[[641\, 1]]
1283/1024,390.366546107619,1283,312.69906220942164,[[1283\, 1]]
79/63,391.8009896126237,4977,1849.6552652595724,[[3\, 2]\, [7\, 1]\, [79\, 1]]
74/59,392.17237952053017,2183,995.599720449088,[[37\, 1]\, [59\, 1]]
69/55,392.59769190421144,3795,1381.6983317451534,[[3\, 1]\, [5\, 1]\, [11\, 1]\, [23\, 1]]
64/51,393.08958963420525,51,37.23904330981644,[[3\, 1]\, [17\, 1]]
59/47,393.66503722104454,2773,1101.5717943238717,[[47\, 1]\, [59\, 1]]
54/43,394.34729695364473,1161,104.88908751185282,[[3\, 3]\, [43\, 1]]
643/512,394.4099127935368,643,244.3458524432855,[[643\, 1]]
49/39,395.1691503035518,1911,1025.5503066864233,[[3\, 1]\, [7\, 2]\, [13\, 1]]
44/35,396.17832203079695,385,286.750881497392,[[5\, 1]\, [7\, 1]\, [11\, 1]]
39/31,397.4470901704477,1209,408.7479946015325,[[3\, 1]\, [13\, 1]\, [31\, 1]]
73/58,398.21227650293406,2117,1167.1810116680037,[[29\, 1]\, [73\, 1]]
1289/1024,398.44385803398114,1289,456.567685215549,[[1289\, 1]]
34/27,399.0904069042451,459,102.90338067467354,[[3\, 3]\, [17\, 1]]
63/50,400.1084804702302,1575,1147.8076184205308,[[3\, 2]\, [5\, 2]\, [7\, 1]]
1291/1024,401.12794236862885,1291,513.1615653061078,[[1291\, 1]]
29/23,401.30284688467117,667,274.08940700691426,[[23\, 1]\, [29\, 1]]
53/42,402.7236381413266,1113,492.61144640667993,[[3\, 1]\, [7\, 1]\, [53\, 1]]
77/61,403.25904375841816,4697,1619.4806283884623,[[7\, 1]\, [11\, 1]\, [61\, 1]]
24/19,404.4419847330847,57,49.52294260802476,[[3\, 1]\, [19\, 1]]
647/512,405.14628239100904,647,250.80731469715505,[[647\, 1]]
67/53,405.80248307348785,3551,1024.249046751867,[[53\, 1]\, [67\, 1]]
43/34,406.56229614211014,731,326.2327508412898,[[17\, 1]\, [43\, 1]]
62/49,407.38375952600046,1519,554.5620428741992,[[7\, 2]\, [31\, 1]]
1297/1024,409.15531710203936,1297,423.796137212458,[[1297\, 1]]
19/15,409.2443014020803,285,143.70376183177297,[[3\, 1]\, [5\, 1]\, [19\, 1]]
71/56,410.87063693649344,497,270.6320057402003,[[7\, 1]\, [71\, 1]]
52/41,411.4652562276102,533,288.6690649720803,[[13\, 1]\, [41\, 1]]
33/26,412.74528146083344,429,244.71747840434617,[[3\, 1]\, [11\, 1]\, [13\, 1]]
80/63,413.57780566493494,315,191.16112926947477,[[3\, 2]\, [5\, 1]\, [7\, 1]]
47/37,414.162583258425,1739,550.3741354555685,[[37\, 1]\, [47\, 1]]
1301/1024,414.48629606135444,1301,375.6132817527566,[[1301\, 1]]
61/48,414.929804210076,183,82.69379112525355,[[3\, 1]\, [61\, 1]]
75/59,415.41076936084744,4425,1128.455612053873,[[3\, 1]\, [5\, 2]\, [59\, 1]]
1303/1024,417.1456422817614,1303,362.6674832136075,[[1303\, 1]]
14/11,417.50796410436817,77,65.71156212024042,[[7\, 1]\, [11\, 1]]
163/128,418.4737850772931,163,67.70079120758318,[[163\, 1]]
79/62,419.5013253482732,2449,633.3820428780368,[[31\, 1]\, [79\, 1]]
65/51,419.9309652683506,3315,847.9358339061321,[[3\, 1]\, [5\, 1]\, [13\, 1]\, [17\, 1]]
51/40,420.5966965009598,255,109.9114629391793,[[3\, 1]\, [5\, 1]\, [17\, 1]]
653/512,421.12701785571693,653,188.10102013101152,[[653\, 1]]
37/29,421.76684460165336,1073,350.00151071616364,[[29\, 1]\, [37\, 1]]
1307/1024,422.45211095451987,1307,450.84805439573677,[[1307\, 1]]
60/47,422.76209271705744,705,211.5606911971092,[[3\, 1]\, [5\, 1]\, [47\, 1]]
23/18,424.3643455376405,207,78.68171647017012,[[3\, 2]\, [23\, 1]]
78/61,425.5978575592346,2379,726.1184542489887,[[3\, 1]\, [13\, 1]\, [61\, 1]]
55/43,426.11395058707404,2365,663.5594526072596,[[5\, 1]\, [11\, 1]\, [43\, 1]]
32/25,427.3725722703304,25,25.000000000000004,[[5\, 2]]
73/57,428.32145365833065,4161,904.9395206204824,[[3\, 1]\, [19\, 1]\, [73\, 1]]
41/32,429.0624055417004,41,28.121535698663838,[[41\, 1]]
50/39,430.1447650949718,975,451.58956451986046,[[3\, 1]\, [5\, 2]\, [13\, 1]]
59/46,430.89731196579396,1357,651.1899271111984,[[23\, 1]\, [59\, 1]]
68/53,431.4508640245682,901,219.5363666843007,[[17\, 1]\, [53\, 1]]
77/60,431.87513410365955,1155,627.1726505055893,[[3\, 1]\, [5\, 1]\, [7\, 1]\, [11\, 1]]
9/7,435.08409526165,63,50.716447919446274,[[3\, 2]\, [7\, 1]]
659/512,436.9615860096621,659,150.15578647570243,[[659\, 1]]
1319/1024,438.27461910185366,1319,570.3747386364219,[[1319\, 1]]
76/59,438.34135689809295,1121,385.8262552145818,[[19\, 1]\, [59\, 1]]
67/52,438.77936678001646,871,247.14759319149871,[[13\, 1]\, [67\, 1]]
58/45,439.353478557477,1305,550.2428030409991,[[3\, 2]\, [5\, 1]\, [29\, 1]]
49/38,440.1387968059473,931,365.8601130136917,[[7\, 2]\, [19\, 1]]
1321/1024,440.8977014961932,1321,507.16892775318996,[[1321\, 1]]
40/31,441.2781414005845,155,82.34998901756185,[[5\, 1]\, [31\, 1]]
71/55,442.06488717602707,3905,1061.3936629341065,[[5\, 1]\, [11\, 1]\, [71\, 1]]
661/512,442.20775380923,661,209.04544620655867,[[661\, 1]]
31/24,443.08057159886295,93,64.95892493019358,[[3\, 1]\, [31\, 1]]
53/41,444.44213993413865,2173,465.33315755781643,[[41\, 1]\, [53\, 1]]
331/256,444.82488816866123,331,134.82365490727682,[[331\, 1]]
75/58,445.0052344419706,2175,880.1086148075315,[[3\, 1]\, [5\, 2]\, [29\, 1]]
22/17,446.36253286434953,187,116.29321299587366,[[11\, 1]\, [17\, 1]]
79/61,447.6520927370601,4819,1265.1805441024237,[[61\, 1]\, [79\, 1]]
57/44,448.15007463293324,627,270.11994080545946,[[3\, 1]\, [11\, 1]\, [19\, 1]]
1327/1024,448.74318644423204,1327,-462.65160974064406,[[1327\, 1]]
35/27,449.2746177377975,945,-3133.2228219233466,[[3\, 3]\, [5\, 1]\, [7\, 1]]
83/64,450.04731761630967,83,57.63064054239504,[[83\, 1]]
48/37,450.61096211064773,111,73.42132527984191,[[3\, 1]\, [37\, 1]]
61/47,451.37818306229866,2867,692.9743665897931,[[47\, 1]\, [61\, 1]]
74/57,451.8760217570498,2109,236.54386141228528,[[3\, 1]\, [19\, 1]\, [37\, 1]]
13/10,454.2139479044758,65,54.8896823274597,[[5\, 1]\, [13\, 1]]
69/53,456.7248026579638,3657,750.7515282016211,[[3\, 1]\, [23\, 1]\, [53\, 1]]
56/43,457.3082008266075,301,161.25873196314822,[[7\, 1]\, [43\, 1]]
43/33,458.24476241237335,1419,427.1548958124937,[[3\, 1]\, [11\, 1]\, [43\, 1]]
73/56,458.9635641868958,511,275.8730705115516,[[7\, 1]\, [73\, 1]]
30/23,459.99436746180686,345,181.74592769558453,[[3\, 1]\, [5\, 1]\, [23\, 1]]
167/128,460.4451509688627,167,60.01587816892087,[[167\, 1]]
77/59,460.9721895996722,4543,1206.0316319711742,[[7\, 1]\, [11\, 1]\, [59\, 1]]
47/36,461.59662028239,423,193.0759656146307,[[3\, 2]\, [47\, 1]]
64/49,462.34818706174997,49,37.99727832550065,[[7\, 2]]
17/13,464.4277477310967,221,102.88004457361585,[[13\, 1]\, [17\, 1]]
72/55,466.2783455011833,495,263.4484982890784,[[3\, 2]\, [5\, 1]\, [11\, 1]]
55/42,466.85074889507916,1155,548.1880498317173,[[3\, 1]\, [5\, 1]\, [7\, 1]\, [11\, 1]]
38/29,467.93582197921603,551,289.7871371767242,[[19\, 1]\, [29\, 1]]
59/45,468.9479436385999,2655,643.4674902796797,[[3\, 2]\, [5\, 1]\, [59\, 1]]
80/61,469.4289087893711,305,119.70471511128542,[[5\, 1]\, [61\, 1]]
21/16,470.7809073345124,21,20.835615556027673,[[3\, 1]\, [7\, 1]]
67/51,472.3966181835322,3417,729.1852414117259,[[3\, 1]\, [17\, 1]\, [67\, 1]]
46/35,473.1347269344557,805,412.0883544630951,[[5\, 1]\, [7\, 1]\, [23\, 1]]
673/512,473.3552335323805,673,306.71180051044377,[[673\, 1]]
71/54,473.8315408094563,1917,476.1286343495458,[[3\, 3]\, [71\, 1]]
25/19,475.11441159736717,475,299.68954090524187,[[5\, 2]\, [19\, 1]]
337/256,475.9257374182302,337,177.03613623313265,[[337\, 1]]
79/60,476.2681830823013,1185,511.4614936196917,[[3\, 1]\, [5\, 1]\, [79\, 1]]
54/41,476.80259705446196,1107,417.7719244576815,[[3\, 3]\, [41\, 1]]
29/22,478.2592517883297,319,200.4968432765477,[[11\, 1]\, [29\, 1]]
62/47,479.5289504510853,1457,609.2344164567426,[[31\, 1]\, [47\, 1]]
33/25,480.6455155004746,825,570.1019137021696,[[3\, 1]\, [5\, 2]\, [11\, 1]]
70/53,481.6350748581207,1855,793.5790775039668,[[5\, 1]\, [7\, 1]\, [53\, 1]]
37/28,482.5181322856148,259,185.66095754778885,[[7\, 1]\, [37\, 1]]
78/59,483.3110034004886,2301,941.6953182095093,[[3\, 1]\, [13\, 1]\, [59\, 1]]
677/512,483.6144282899961,677,324.27450091577947,[[677\, 1]]
41/31,484.02683307745014,1271,596.8707726051688,[[31\, 1]\, [41\, 1]]
45/34,485.26830609520226,765,409.9139011564671,[[3\, 2]\, [5\, 1]\, [17\, 1]]
49/37,486.30777418351016,1813,755.9347775904774,[[7\, 2]\, [37\, 1]]
53/40,487.19083161100417,265,191.98564091291087,[[5\, 1]\, [53\, 1]]
57/43,487.9503113551724,2451,1137.4387202281291,[[3\, 1]\, [19\, 1]\, [43\, 1]]
61/46,488.61045780704796,1403,640.5646882026641,[[23\, 1]\, [61\, 1]]
65/49,489.1895626958954,3185,1424.1221786822628,[[5\, 1]\, [7\, 2]\, [13\, 1]]
69/52,489.7016863644922,897,571.2679178860436,[[3\, 1]\, [13\, 1]\, [23\, 1]]
73/55,490.1578144264293,4015,1573.3851552280644,[[5\, 1]\, [11\, 1]\, [73\, 1]]
77/58,490.56665468079524,2233,1137.6260732507449,[[7\, 1]\, [11\, 1]\, [29\, 1]]
4/3,498.0449991346125,3,3.0,[[3\, 1]]
683/512,498.8901219481086,683,411.4730870940314,[[683\, 1]]
79/59,505.36523857831395,4661,1207.5746094691854,[[59\, 1]\, [79\, 1]]
75/56,505.756522125932,525,484.3579624734658,[[3\, 1]\, [5\, 2]\, [7\, 1]]
71/53,506.19199792977935,3763,1099.5476395513288,[[53\, 1]\, [71\, 1]]
67/50,506.67960081965737,1675,792.7233629397782,[[5\, 2]\, [67\, 1]]
63/47,507.229286186735,2961,1096.172252881893,[[3\, 2]\, [7\, 1]\, [47\, 1]]
59/44,507.8537168694527,649,489.94187581696934,[[11\, 1]\, [59\, 1]]
55/41,508.56925068789116,2255,949.8917921726929,[[5\, 1]\, [11\, 1]\, [41\, 1]]
51/38,509.3973942334921,969,559.1963376421269,[[3\, 1]\, [17\, 1]\, [19\, 1]]
47/35,510.367001679205,1645,793.2724771072569,[[5\, 1]\, [7\, 1]\, [47\, 1]]
43/32,511.51770564251757,43,34.454730955015926,[[43\, 1]]
39/29,512.9054684816115,1131,604.9657493081412,[[3\, 1]\, [13\, 1]\, [29\, 1]]
74/55,513.7123825251482,2035,904.0271330720475,[[5\, 1]\, [11\, 1]\, [37\, 1]]
35/26,514.6119585646493,455,425.58902588531794,[[5\, 1]\, [7\, 1]\, [13\, 1]]
66/49,515.6211302918941,1617,796.8790688996295,[[3\, 1]\, [7\, 2]\, [11\, 1]]
31/23,516.7612251958348,713,519.7673215888619,[[23\, 1]\, [31\, 1]]
58/43,518.0594885105689,1247,677.3024298750846,[[29\, 1]\, [43\, 1]]
691/512,519.0502804659102,691,528.2900048533642,[[691\, 1]]
27/20,519.5512887313275,135,160.3870798744801,[[3\, 3]\, [5\, 1]]
77/57,520.6758318361916,4389,1722.6850159634505,[[3\, 1]\, [7\, 1]\, [11\, 1]\, [19\, 1]]
50/37,521.2833889749298,925,594.5884618118745,[[5\, 2]\, [37\, 1]]
173/128,521.5538731640696,173,207.7999870675729,[[173\, 1]]
73/54,521.9244680598584,1971,587.0780779002486,[[3\, 3]\, [73\, 1]]
23/17,523.3189377680083,391,258.59432293008814,[[17\, 1]\, [23\, 1]]
65/48,524.8863747687581,195,157.13010605832088,[[3\, 1]\, [5\, 1]\, [13\, 1]]
42/31,525.745334870262,651,393.39356912547623,[[3\, 1]\, [7\, 1]\, [31\, 1]]
347/256,526.5502230939131,347,187.01477984358894,[[347\, 1]]
61/45,526.6610894798539,2745,670.7432707079256,[[3\, 2]\, [5\, 1]\, [61\, 1]]
80/59,527.1420546306252,295,178.76720910440898,[[5\, 1]\, [59\, 1]]
19/14,528.6871096631777,133,118.18646639105546,[[7\, 1]\, [19\, 1]]
72/53,530.4054562549358,477,305.28319579684893,[[3\, 2]\, [53\, 1]]
53/39,531.0218828411411,2067,547.203022426563,[[3\, 1]\, [13\, 1]\, [53\, 1]]
34/25,532.3279817707378,425,280.8838954335731,[[5\, 2]\, [17\, 1]]
49/36,533.741811207475,441,291.75230237813776,[[3\, 2]\, [7\, 2]]
64/47,534.4933779868352,47,39.780796165638044,[[47\, 1]]
79/58,534.9597036594369,2291,579.79024035933,[[29\, 1]\, [79\, 1]]
349/256,536.4998714515826,349,179.4857974513642,[[349\, 1]]
15/11,536.9507723654654,165,122.1979873779741,[[3\, 1]\, [5\, 1]\, [11\, 1]]
71/52,539.1688816363079,923,344.1139269495168,[[13\, 1]\, [71\, 1]]
56/41,539.7635009274246,287,183.6275518787371,[[7\, 1]\, [41\, 1]]
41/30,540.7936908114782,615,280.5251837236144,[[3\, 1]\, [5\, 1]\, [41\, 1]]
67/49,541.655215611077,3283,843.775328244062,[[7\, 2]\, [67\, 1]]
26/19,543.014645637008,247,142.4037846203758,[[13\, 1]\, [19\, 1]]
701/512,543.9247608127478,701,263.6744547497695,[[701\, 1]]
63/46,544.4615609314844,1449,487.54067737158834,[[3\, 2]\, [7\, 1]\, [23\, 1]]
37/27,545.4790361585776,999,108.41884020596042,[[3\, 3]\, [37\, 1]]
48/35,546.8153805314276,105,81.65995886937522,[[3\, 1]\, [5\, 1]\, [7\, 1]]
59/43,547.653953591692,2537,850.2884585575317,[[43\, 1]\, [59\, 1]]
70/51,548.229209968165,1785,797.4396429990056,[[3\, 1]\, [5\, 1]\, [7\, 1]\, [17\, 1]]
11/8,551.3179423647567,11,11.0,[[11\, 1]]
73/53,554.2849251801815,3869,1041.4399068534563,[[53\, 1]\, [73\, 1]]
62/45,554.8118568686406,1395,453.98881601512556,[[3\, 2]\, [5\, 1]\, [31\, 1]]
51/37,555.5663716110548,1887,885.8365373163737,[[3\, 1]\, [17\, 1]\, [37\, 1]]
353/256,556.2292479254163,353,144.64584498531121,[[353\, 1]]
40/29,556.7365197117484,145,89.52510485713181,[[5\, 1]\, [29\, 1]]
69/50,557.6019204041331,1725,797.1056079801674,[[3\, 1]\, [5\, 2]\, [23\, 1]]
29/21,558.7962868185741,609,292.6966629630935,[[3\, 1]\, [7\, 1]\, [29\, 1]]
76/55,559.8813599027111,1045,470.94182929550374,[[5\, 1]\, [11\, 1]\, [19\, 1]]
47/34,560.5512125127575,799,354.41973599243744,[[17\, 1]\, [47\, 1]]
65/47,561.3347536209807,3055,917.7026288206156,[[5\, 1]\, [13\, 1]\, [47\, 1]]
18/13,563.3823399614643,117,84.02949565856298,[[3\, 2]\, [13\, 1]]
709/512,563.5701806874193,709,286.2274746319141,[[709\, 1]]
79/57,565.0688808148336,4503,954.5059407258824,[[3\, 1]\, [19\, 1]\, [79\, 1]]
61/44,565.566862710707,671,279.8378634409149,[[11\, 1]\, [61\, 1]]
43/31,566.4821331782674,1333,456.23233819114853,[[31\, 1]\, [43\, 1]]
68/49,567.3035965621574,833,371.5792966657748,[[7\, 2]\, [17\, 1]]
25/18,568.7174259988947,225,164.01310853191026,[[3\, 2]\, [5\, 2]]
57/41,570.4056114559895,2337,604.396508838246,[[3\, 1]\, [19\, 1]\, [41\, 1]]
89/64,570.8801171596773,89,35.36656458895925,[[89\, 1]]
32/23,571.7256527315845,23,21.88798384698888,[[23\, 1]]
71/51,572.7861330398237,3621,728.8594344672366,[[3\, 1]\, [17\, 1]\, [71\, 1]]
39/28,573.656756165573,273,191.47276254729357,[[3\, 1]\, [7\, 1]\, [13\, 1]]
46/33,575.0014040382715,759,307.8400640964394,[[3\, 1]\, [11\, 1]\, [23\, 1]]
53/38,575.9915293435363,1007,370.54866932501994,[[19\, 1]\, [53\, 1]]
60/43,576.7510090877048,645,225.47476264323285,[[3\, 1]\, [5\, 1]\, [43\, 1]]
67/48,577.3520276839394,201,77.76871631268166,[[3\, 1]\, [67\, 1]]
74/53,577.8394932789006,1961,523.6179329150181,[[37\, 1]\, [53\, 1]]
179/128,580.5789327171077,179,48.51253949242595,[[179\, 1]]
7/5,582.51219260429,35,34.04642134831922,[[5\, 1]\, [7\, 1]]
359/256,585.4080405876616,359,150.03445344955662,[[359\, 1]]
80/57,586.8456968671447,285,134.34108278258418,[[3\, 1]\, [5\, 1]\, [19\, 1]]
73/52,587.26180888671,949,275.8087820870153,[[13\, 1]\, [73\, 1]]
66/47,587.7663212169793,1551,601.9128245187138,[[3\, 1]\, [11\, 1]\, [47\, 1]]
719/512,587.8175525271573,719,164.61369210674422,[[719\, 1]]
59/42,588.3907518996971,1239,475.4509509203715,[[3\, 1]\, [7\, 1]\, [59\, 1]]
52/37,589.1836230145709,481,199.2031654958079,[[13\, 1]\, [37\, 1]]
45/32,590.2237155956096,45,45.0,[[3\, 2]\, [5\, 1]]
38/27,591.6480135361404,513,-97.39197599239621,[[3\, 3]\, [19\, 1]]
69/49,592.577535195553,3381,1155.9978611774814,[[3\, 1]\, [7\, 2]\, [23\, 1]]
31/22,593.7176300994937,341,164.7909159003003,[[11\, 1]\, [31\, 1]]
55/39,595.1489935948936,2145,905.9880492494971,[[3\, 1]\, [5\, 1]\, [11\, 1]\, [13\, 1]]
79/56,595.7109913433987,553,158.50438415957657,[[7\, 1]\, [79\, 1]]
24/17,596.9995913649802,51,46.113863965033225,[[3\, 1]\, [17\, 1]]
65/46,598.56702836573,1495,576.9883665658183,[[5\, 1]\, [13\, 1]\, [23\, 1]]
41/29,599.4852113886138,1189,369.80694576930387,[[29\, 1]\, [41\, 1]]
181/128,599.8150644998465,181,55.713685152825285,[[181\, 1]]
58/41,600.5147886113859,1189,367.65458795190375,[[29\, 1]\, [41\, 1]]
75/53,601.0778831192179,3975,1526.3516394638239,[[3\, 1]\, [5\, 2]\, [53\, 1]]
17/12,603.00040863502,51,46.11386396503319,[[3\, 1]\, [17\, 1]]
78/55,604.8510064051065,2145,709.4316186242436,[[3\, 1]\, [5\, 1]\, [11\, 1]\, [13\, 1]]
61/43,605.3670994329461,2623,746.7627015797523,[[43\, 1]\, [61\, 1]]
44/31,606.2823699005065,341,164.45943966268868,[[11\, 1]\, [31\, 1]]
727/512,606.9738647035132,727,131.98566557271923,[[727\, 1]]
71/50,607.0691156759488,1775,773.1348141577155,[[5\, 2]\, [71\, 1]]
27/19,608.3519864638596,513,-116.20524528683983,[[3\, 3]\, [19\, 1]]
64/45,609.7762844043904,45,45.0,[[3\, 2]\, [5\, 1]]
37/26,610.8163769854292,481,197.98029721347163,[[13\, 1]\, [37\, 1]]
47/33,612.2336787830208,1551,501.53016460647297,[[3\, 1]\, [11\, 1]\, [47\, 1]]
57/40,613.1543031328551,285,131.8548409320172,[[3\, 1]\, [5\, 1]\, [19\, 1]]
67/47,613.800406536162,3149,-6137.434121305398,[[47\, 1]\, [67\, 1]]
77/54,614.2788462377192,2079,-759879.761057265,[[3\, 3]\, [7\, 1]\, [11\, 1]]
10/7,617.4878073957099,35,34.046421348319235,[[5\, 1]\, [7\, 1]]
73/51,620.879060290226,3723,312.62662811323315,[[3\, 1]\, [17\, 1]\, [73\, 1]]
733/512,621.2032657605743,733,389.9257112242191,[[733\, 1]]
63/44,621.417965835143,693,389.323571410101,[[3\, 2]\, [7\, 1]\, [11\, 1]]
53/37,622.1605067210993,1961,591.159428633811,[[37\, 1]\, [53\, 1]]
43/30,623.2489909122953,645,228.69688499081707,[[3\, 1]\, [5\, 1]\, [43\, 1]]
367/256,623.5635034118553,367,184.0495603377625,[[367\, 1]]
76/53,624.0084706564635,1007,485.78129225514834,[[19\, 1]\, [53\, 1]]
33/23,624.9985959617285,759,390.80344347238673,[[3\, 1]\, [11\, 1]\, [23\, 1]]
56/39,626.343243834427,273,193.120009559726,[[3\, 1]\, [7\, 1]\, [13\, 1]]
79/55,626.9052415829319,4345,732.5968375386173,[[5\, 1]\, [11\, 1]\, [79\, 1]]
23/16,628.2743472684155,23,21.887983846988895,[[23\, 1]]
59/41,630.1092536925091,2419,520.8292279209376,[[41\, 1]\, [59\, 1]]
36/25,631.2825740011051,225,164.8489898657692,[[3\, 2]\, [5\, 2]]
49/34,632.6964034378426,833,386.68979919966796,[[7\, 2]\, [17\, 1]]
62/43,633.5178668217326,1333,604.7625457732789,[[31\, 1]\, [43\, 1]]
75/52,634.0547668257465,975,560.8974144783186,[[3\, 1]\, [5\, 2]\, [13\, 1]]
739/512,635.3166649753811,739,286.0030746878705,[[739\, 1]]
13/9,636.6176600385357,117,83.88046541273451,[[3\, 2]\, [13\, 1]]
68/47,639.4487874872426,799,358.8327454603614,[[17\, 1]\, [47\, 1]]
55/38,640.118640097289,1045,555.7766822079493,[[5\, 1]\, [11\, 1]\, [19\, 1]]
42/29,641.2037131814258,609,293.99576700312514,[[3\, 1]\, [7\, 1]\, [29\, 1]]
71/49,642.0447304673687,3479,898.1436176745083,[[7\, 2]\, [71\, 1]]
29/20,643.2634802882516,145,89.53014909047313,[[5\, 1]\, [29\, 1]]
74/51,644.433628388945,1887,813.1541808178573,[[3\, 1]\, [17\, 1]\, [37\, 1]]
743/512,644.6620806463155,743,279.0135238713236,[[743\, 1]]
45/31,645.1881431313594,1395,602.5216493151173,[[3\, 2]\, [5\, 1]\, [31\, 1]]
61/42,646.1038977409512,1281,521.7209022385206,[[3\, 1]\, [7\, 1]\, [61\, 1]]
77/53,646.6393033580425,4081,1349.8179786779804,[[7\, 1]\, [11\, 1]\, [53\, 1]]
16/11,648.6820576352434,11,11.0,[[11\, 1]]
67/46,651.0326812809114,1541,429.35165712449634,[[23\, 1]\, [67\, 1]]
373/256,651.6381843062853,373,137.41582397902786,[[373\, 1]]
51/35,651.7707900318348,1785,721.614948575813,[[3\, 1]\, [5\, 1]\, [7\, 1]\, [17\, 1]]
35/24,653.1846194685722,105,81.64576715820354,[[3\, 1]\, [5\, 1]\, [7\, 1]]
54/37,654.5209638414225,999,111.03584693978165,[[3\, 3]\, [37\, 1]]
73/50,655.162042926351,1825,741.4080521832236,[[5\, 2]\, [73\, 1]]
19/13,656.9853543629919,247,141.61069837831272,[[13\, 1]\, [19\, 1]]
79/54,658.6718952163613,2133,472.63163475973744,[[3\, 3]\, [79\, 1]]
60/41,659.2063091885218,615,279.6878434450501,[[3\, 1]\, [5\, 1]\, [41\, 1]]
41/28,660.2364990725754,287,183.603941506613,[[7\, 1]\, [41\, 1]]
63/43,661.2182025573821,2709,762.9434111405822,[[3\, 2]\, [7\, 1]\, [43\, 1]]
22/15,663.0492276345343,165,122.2152818272746,[[3\, 1]\, [5\, 1]\, [11\, 1]]
751/512,663.2029170171261,751,326.1799175876515,[[751\, 1]]
69/47,664.722726120638,3243,770.311409880886,[[3\, 1]\, [23\, 1]\, [47\, 1]]
47/32,665.5066220131648,47,39.78079616563795,[[47\, 1]]
72/49,666.2581887925251,441,294.7767294387318,[[3\, 2]\, [7\, 2]]
25/17,667.6720182292624,425,284.62691915884886,[[5\, 2]\, [17\, 1]]
78/53,668.9781171588588,2067,629.1214097192221,[[3\, 1]\, [13\, 1]\, [53\, 1]]
53/36,669.5945437450644,477,311.5179482415403,[[3\, 2]\, [53\, 1]]
28/19,671.3128903368222,133,118.18646639105532,[[7\, 1]\, [19\, 1]]
59/40,672.8579453693748,295,177.05867003419735,[[5\, 1]\, [59\, 1]]
31/21,674.254665129738,651,407.07159875414527,[[3\, 1]\, [7\, 1]\, [31\, 1]]
65/44,675.5234332693888,715,484.8895176307809,[[5\, 1]\, [11\, 1]\, [13\, 1]]
34/23,676.6810622319917,391,284.7054718729409,[[17\, 1]\, [23\, 1]]
757/512,676.979387982878,757,503.9888296643775,[[757\, 1]]
71/48,677.7415425402311,213,170.43610672830255,[[3\, 1]\, [71\, 1]]
37/25,678.71661102507,925,640.6321201532747,[[5\, 2]\, [37\, 1]]
379/256,679.26484580531,379,791.6896675287244,[[379\, 1]]
77/52,679.6161870645711,1001,792.9771445038403,[[7\, 1]\, [11\, 1]\, [13\, 1]]
40/27,680.4487112686725,135,160.42115784012321,[[3\, 3]\, [5\, 1]]
43/29,681.9405114894311,1247,811.0658875182114,[[29\, 1]\, [43\, 1]]
46/31,683.2387748041652,713,522.1906250883105,[[23\, 1]\, [31\, 1]]
49/33,684.3788697081056,1617,890.0193957066289,[[3\, 1]\, [7\, 2]\, [11\, 1]]
52/35,685.3880414353508,455,433.56066033093526,[[5\, 1]\, [7\, 1]\, [13\, 1]]
761/512,686.1031722042546,761,494.2372581882406,[[761\, 1]]
55/37,686.2876174748517,2035,1000.7672542921929,[[5\, 1]\, [11\, 1]\, [37\, 1]]
58/39,687.0945315183886,1131,711.6260491077234,[[3\, 1]\, [13\, 1]\, [29\, 1]]
61/41,687.822399533763,2501,1045.6964505336932,[[41\, 1]\, [61\, 1]]
64/43,688.4822943574824,43,34.45473095501592,[[43\, 1]]
67/45,689.0833129537173,3015,1149.7820596686952,[[3\, 2]\, [5\, 1]\, [67\, 1]]
70/47,689.6329983207947,1645,942.7331514023482,[[5\, 1]\, [7\, 1]\, [47\, 1]]
73/49,690.1376577177709,3577,1289.501916436532,[[7\, 2]\, [73\, 1]]
76/51,690.602605766508,969,582.470277369106,[[3\, 1]\, [17\, 1]\, [19\, 1]]
79/53,691.0323523366844,4187,1388.8099531448388,[[53\, 1]\, [79\, 1]]
191/128,692.9145936428985,191,12.72432602158752,[[191\, 1]]
383/256,697.4406983099484,383,122.23139050916546,[[383\, 1]]
3/2,701.9550008653874,3,3.0,[[3\, 1]]
769/512,704.2077455541919,769,303.211443969634,[[769\, 1]]
193/128,710.9484447216965,193,56.11457980364202,[[193\, 1]]
80/53,712.809168388996,265,190.24660325973466,[[5\, 1]\, [53\, 1]]
773/512,713.189524709817,773,385.90511966090685,[[773\, 1]]
77/51,713.2334384680869,3927,1792.9923680431284,[[3\, 1]\, [7\, 1]\, [11\, 1]\, [17\, 1]]
74/49,713.6922258164897,1813,697.3950470622137,[[7\, 2]\, [37\, 1]]
71/47,714.1899213924537,3337,1046.8466081384097,[[47\, 1]\, [71\, 1]]
68/45,714.7316939047976,765,384.14854653784846,[[3\, 2]\, [5\, 1]\, [17\, 1]]
65/43,715.3236699916279,2795,985.6743150047192,[[5\, 1]\, [13\, 1]\, [43\, 1]]
62/41,715.9731669225499,1271,551.8314082047779,[[31\, 1]\, [41\, 1]]
59/39,716.6889965995115,2301,855.7358598859838,[[3\, 1]\, [13\, 1]\, [59\, 1]]
56/37,717.4818677143853,259,183.65752922042375,[[7\, 1]\, [37\, 1]]
53/35,718.3649251418791,1855,755.4132155818003,[[5\, 1]\, [7\, 1]\, [53\, 1]]
50/33,719.3544844995255,825,560.0017213345087,[[3\, 1]\, [5\, 2]\, [11\, 1]]
97/64,719.8954106245533,97,36.49662867620161,[[97\, 1]]
47/31,720.4710495489146,1457,552.7680077600061,[[31\, 1]\, [47\, 1]]
44/29,721.7407482116702,319,198.30623657116735,[[11\, 1]\, [29\, 1]]
41/27,723.1974029455382,1107,435.93238489464255,[[3\, 3]\, [41\, 1]]
79/52,724.0092360432128,1027,510.9371849843022,[[13\, 1]\, [79\, 1]]
389/256,724.3516139834303,389,181.5075771424313,[[389\, 1]]
38/25,724.8855884026331,475,293.5332892655169,[[5\, 2]\, [19\, 1]]
73/48,725.8344697906332,219,69.25280895496282,[[3\, 1]\, [73\, 1]]
35/23,726.8652730655443,805,415.0712926173906,[[5\, 1]\, [7\, 1]\, [23\, 1]]
67/44,727.9890861845703,737,306.1217499050284,[[11\, 1]\, [67\, 1]]
32/21,729.2190926654876,21,20.835615556027673,[[3\, 1]\, [7\, 1]]
61/40,730.5710912106287,305,124.7568677588343,[[5\, 1]\, [61\, 1]]
29/19,732.064178020784,551,277.9077829753178,[[19\, 1]\, [29\, 1]]
55/36,733.7216544988165,495,263.2486899957573,[[3\, 2]\, [5\, 1]\, [11\, 1]]
26/17,735.5722522689032,221,106.18327856190645,[[13\, 1]\, [17\, 1]]
75/49,736.930615656807,3675,1522.4380185251423,[[3\, 1]\, [5\, 2]\, [7\, 2]]
49/32,737.6518129382499,49,37.997278325500595,[[7\, 2]]
72/47,738.4033797176099,423,194.63451117675774,[[3\, 2]\, [47\, 1]]
23/15,740.0056325381934,345,182.60059227591603,[[3\, 1]\, [5\, 1]\, [23\, 1]]
66/43,741.7552375876268,1419,342.08810697424633,[[3\, 1]\, [11\, 1]\, [43\, 1]]
43/28,742.6917991733927,301,163.46664595694895,[[7\, 1]\, [43\, 1]]
63/41,743.6735026581994,2583,1298.3693407238582,[[3\, 2]\, [7\, 1]\, [41\, 1]]
787/512,744.2637906089838,787,237.19274603609963,[[787\, 1]]
20/13,745.7860520955243,65,54.88968232745979,[[5\, 1]\, [13\, 1]]
197/128,746.4621833476515,197,93.43811234736319,[[197\, 1]]
77/50,747.516421104212,1925,1432.4155307898038,[[5\, 2]\, [7\, 1]\, [11\, 1]]
57/37,748.1239782429503,2109,1450.1890387082258,[[3\, 1]\, [19\, 1]\, [37\, 1]]
37/24,749.3890378893525,111,72.77720720053152,[[3\, 1]\, [37\, 1]]
54/35,750.7253822622026,945,8591.10413950916,[[3\, 3]\, [5\, 1]\, [7\, 1]]
71/46,751.422196137203,1633,-22.629419996491837,[[23\, 1]\, [71\, 1]]
17/11,753.6374671356506,187,116.79337777912612,[[11\, 1]\, [17\, 1]]
65/42,756.060468299633,1365,589.8119314421938,[[3\, 1]\, [5\, 1]\, [7\, 1]\, [13\, 1]]
48/31,756.9194284011371,93,64.43186883533596,[[3\, 1]\, [31\, 1]]
79/51,757.6264874467289,4029,1206.76170673106,[[3\, 1]\, [17\, 1]\, [79\, 1]]
31/20,758.7218585994156,155,82.35588432188183,[[5\, 1]\, [31\, 1]]
397/256,759.5942365715493,397,123.03325530519876,[[397\, 1]]
76/49,759.8612031940527,931,311.5368206574945,[[7\, 2]\, [19\, 1]]
45/29,760.6465214425231,1305,409.53083555280716,[[3\, 2]\, [5\, 1]\, [29\, 1]]
59/38,761.6586431019068,1121,335.5141882941697,[[19\, 1]\, [59\, 1]]
73/47,762.2828486428557,3431,886.7059504041134,[[47\, 1]\, [73\, 1]]
199/128,763.9495446523787,199,76.34598426013186,[[199\, 1]]
14/9,764.9159047383502,63,50.716447919446146,[[3\, 2]\, [7\, 1]]
797/512,766.123096788566,797,149.77397531309205,[[797\, 1]]
67/43,767.7893229068095,2881,711.0633949397987,[[43\, 1]\, [67\, 1]]
53/34,768.5491359754317,901,211.75404811501616,[[17\, 1]\, [53\, 1]]
39/25,769.8552349050284,975,452.63189902182944,[[3\, 1]\, [5\, 2]\, [13\, 1]]
64/41,770.9375944582996,41,28.121535698663852,[[41\, 1]]
25/16,772.6274277296696,25,25.000000000000004,[[5\, 2]]
61/39,774.4021424407656,2379,579.5920391642416,[[3\, 1]\, [13\, 1]\, [61\, 1]]
36/23,775.6356544623594,207,75.72500470479244,[[3\, 2]\, [23\, 1]]
401/256,776.9501117459043,401,133.06346965258138,[[401\, 1]]
47/30,777.2379072829425,705,197.29927857886113,[[3\, 1]\, [5\, 1]\, [47\, 1]]
58/37,778.2331553983468,1073,382.9789841928166,[[29\, 1]\, [37\, 1]]
69/44,778.911405769046,759,272.0243478443375,[[3\, 1]\, [11\, 1]\, [23\, 1]]
80/51,779.4033034990401,255,106.42098546513175,[[3\, 1]\, [5\, 1]\, [17\, 1]]
11/7,782.4920358956317,77,65.71156212024025,[[7\, 1]\, [11\, 1]]
74/47,785.837416741575,1739,432.051117688148,[[37\, 1]\, [47\, 1]]
63/40,786.4221943350649,315,190.793272676832,[[3\, 2]\, [5\, 1]\, [7\, 1]]
52/33,787.2547185391664,429,246.7201516687972,[[3\, 1]\, [11\, 1]\, [13\, 1]]
41/26,788.5347437723898,533,260.4678739016337,[[13\, 1]\, [41\, 1]]
71/45,789.4728278100088,3195,808.5364190002914,[[3\, 2]\, [5\, 1]\, [71\, 1]]
101/64,789.8537793021537,101,65.83048552654463,[[101\, 1]]
30/19,790.7556985979196,285,140.88867544848316,[[3\, 1]\, [5\, 1]\, [19\, 1]]
79/50,791.909470082854,1975,766.7428806779695,[[5\, 2]\, [79\, 1]]
809/512,791.9950709159731,809,316.9666608163568,[[809\, 1]]
49/31,792.6162404739996,1519,497.71322558949913,[[7\, 2]\, [31\, 1]]
68/43,793.4377038578897,731,297.93691804131373,[[17\, 1]\, [43\, 1]]
19/12,795.558015266915,57,49.52294260802478,[[3\, 1]\, [19\, 1]]
811/512,796.2697250607276,811,307.6313250301893,[[811\, 1]]
65/41,797.7789700924451,2665,976.3802873962378,[[5\, 1]\, [13\, 1]\, [41\, 1]]
46/29,798.697153115329,667,239.42949548796508,[[23\, 1]\, [29\, 1]]
73/46,799.5151233876052,1679,559.2467428220731,[[23\, 1]\, [73\, 1]]
27/17,800.9095930957549,459,118.86698383234209,[[3\, 3]\, [17\, 1]]
62/39,802.5529098295522,1209,295.7024479336212,[[3\, 1]\, [13\, 1]\, [31\, 1]]
35/22,803.8216779692029,385,282.391972003753,[[5\, 1]\, [7\, 1]\, [11\, 1]]
78/49,804.8308496964481,1911,742.169684931343,[[3\, 1]\, [7\, 2]\, [13\, 1]]
43/27,805.6527030463552,1161,1.2650137967709056,[[3\, 3]\, [43\, 1]]
51/32,806.9104103657947,51,37.23904330981652,[[3\, 1]\, [17\, 1]]
59/37,807.8276204794697,2183,783.1661732883001,[[37\, 1]\, [59\, 1]]
67/42,808.5261212148147,1407,459.3049845177182,[[3\, 1]\, [7\, 1]\, [67\, 1]]
75/47,809.0758065818922,3525,1324.8035449442207,[[3\, 1]\, [5\, 2]\, [47\, 1]]
409/256,811.1484395300986,409,230.9373372061287,[[409\, 1]]
8/5,813.6862861351652,5,5.0,[[5\, 1]]
821/512,817.4860941333657,821,296.0478932382344,[[821\, 1]]
77/48,818.1888479684943,231,186.72798398108387,[[3\, 1]\, [7\, 1]\, [11\, 1]]
69/43,818.7116424912854,2967,687.9238942757438,[[3\, 1]\, [23\, 1]\, [43\, 1]]
61/38,819.371788943161,1159,397.40680578573847,[[19\, 1]\, [61\, 1]]
53/33,820.2316022456948,1749,571.8757350480466,[[3\, 1]\, [11\, 1]\, [53\, 1]]
45/28,821.3978091264848,315,246.76318640124572,[[3\, 2]\, [5\, 1]\, [7\, 1]]
823/512,821.6983445059508,823,346.87073233810463,[[823\, 1]]
37/23,823.0696914863244,851,395.28991490325205,[[23\, 1]\, [37\, 1]]
103/64,823.8006326198621,103,43.26448928610763,[[103\, 1]]
66/41,824.2105376884438,1353,522.5734306303283,[[3\, 1]\, [11\, 1]\, [41\, 1]]
29/18,825.6671924223118,261,193.92356478414627,[[3\, 2]\, [29\, 1]]
79/49,826.8850848742737,3871,885.4966517683241,[[7\, 2]\, [79\, 1]]
50/31,827.5918552654193,775,403.1282193375205,[[5\, 2]\, [31\, 1]]
71/44,828.3786010408617,781,422.77879079514224,[[11\, 1]\, [71\, 1]]
827/512,830.0922230055297,827,406.30112014019033,[[827\, 1]]
21/13,830.2532455652018,273,234.068312648731,[[3\, 1]\, [7\, 1]\, [13\, 1]]
76/47,832.0063941191377,893,437.0857489191846,[[19\, 1]\, [47\, 1]]
55/34,832.6762467291842,935,500.2980246843195,[[5\, 1]\, [11\, 1]\, [17\, 1]]
34/21,834.174502165895,357,268.82837956405325,[[3\, 1]\, [7\, 1]\, [17\, 1]]
829/512,834.2739497949004,829,392.4314422496167,[[829\, 1]]
47/29,835.9294278600782,1363,542.4150619464377,[[29\, 1]\, [47\, 1]]
60/37,836.9246759754826,555,278.61192849307406,[[3\, 1]\, [5\, 1]\, [37\, 1]]
73/45,837.565755060411,3285,971.2323885751925,[[3\, 2]\, [5\, 1]\, [73\, 1]]
13/8,840.5276617693106,13,12.838653017657611,[[13\, 1]]
70/43,843.6219146914423,1505,793.7985161063325,[[5\, 1]\, [7\, 1]\, [43\, 1]]
57/35,844.3283966637301,1995,1284.9600275910766,[[3\, 1]\, [5\, 1]\, [7\, 1]\, [19\, 1]]
44/27,845.4529397685943,297,8323.518543997243,[[3\, 3]\, [11\, 1]]
75/46,846.3080813266415,1725,1075.926187340864,[[3\, 1]\, [5\, 2]\, [23\, 1]]
31/19,847.5225563319476,589,212.08429731353485,[[19\, 1]\, [31\, 1]]
80/49,848.661900926585,245,147.1971413591932,[[5\, 1]\, [7\, 2]]
49/30,849.3830982080276,735,342.22120755063946,[[3\, 1]\, [5\, 1]\, [7\, 2]]
67/41,850.2446230076264,2747,972.1476927681761,[[41\, 1]\, [67\, 1]]
18/11,852.5920593660182,99,73.52569776495756,[[3\, 2]\, [11\, 1]]
419/256,852.9677204392219,419,105.33634475845788,[[419\, 1]]
77/47,854.6372268207168,3619,1228.543605235451,[[7\, 1]\, [11\, 1]\, [47\, 1]]
839/512,855.0324005277878,839,264.4848933171277,[[839\, 1]]
59/36,855.2616575034347,531,163.6846283352468,[[3\, 2]\, [59\, 1]]
41/25,856.4349778120306,1025,431.76120139996925,[[5\, 2]\, [41\, 1]]
64/39,857.517337365302,39,36.34585369636,[[3\, 1]\, [13\, 1]]
23/14,859.4484407992904,161,114.73420668563776,[[7\, 1]\, [23\, 1]]
74/45,861.12032315913,1665,537.3878831058217,[[3\, 2]\, [5\, 1]\, [37\, 1]]
421/256,861.2117076796753,421,136.3360993436384,[[421\, 1]]
51/31,861.8748379015445,1581,466.5415947199979,[[3\, 1]\, [17\, 1]\, [31\, 1]]
79/48,862.581896947136,237,131.45622756648595,[[3\, 1]\, [79\, 1]]
28/17,863.8704969687176,119,98.99007599662413,[[7\, 1]\, [17\, 1]]
211/128,865.3190264486221,211,125.1101404883652,[[211\, 1]]
61/37,865.5407663207238,2257,611.2148591798377,[[37\, 1]\, [61\, 1]]
33/20,866.9592293653092,165,124.4121833792479,[[3\, 1]\, [5\, 1]\, [11\, 1]]
71/43,868.178837763101,3053,702.5090998055904,[[43\, 1]\, [71\, 1]]
38/23,869.2386688638871,437,176.433248614499,[[19\, 1]\, [23\, 1]]
43/26,870.9900438732069,559,234.23829643399662,[[13\, 1]\, [43\, 1]]
48/29,872.3778067123008,87,62.34305583450566,[[3\, 1]\, [29\, 1]]
53/32,873.504545475839,53,41.10649495211179,[[53\, 1]]
58/35,874.4375738191269,1015,506.66152330600414,[[5\, 1]\, [7\, 1]\, [29\, 1]]
63/38,875.2228920675972,1197,686.7117287062122,[[3\, 2]\, [7\, 1]\, [19\, 1]]
68/41,875.8930039587068,697,295.15034767239047,[[17\, 1]\, [41\, 1]]
73/44,876.4715282912641,803,366.7066429355056,[[11\, 1]\, [73\, 1]]
78/47,876.976040621533,1833,818.7917019967483,[[3\, 1]\, [13\, 1]\, [47\, 1]]
853/512,883.6823175819483,853,346.51115925693017,[[853\, 1]]
5/3,884.3587129994474,15,15.0,[[3\, 1]\, [5\, 1]]
107/64,889.7603836813763,107,47.055957531228124,[[107\, 1]]
857/512,891.7816729349998,857,437.04586024245185,[[857\, 1]]
77/46,891.8695015654663,1771,848.2332062578989,[[7\, 1]\, [11\, 1]\, [23\, 1]]
72/43,892.3922960882574,387,275.37315397878365,[[3\, 2]\, [43\, 1]]
67/40,892.9933146844921,335,253.23686580139113,[[5\, 1]\, [67\, 1]]
62/37,893.6915337095105,1147,534.8372830741426,[[31\, 1]\, [37\, 1]]
57/34,894.5126074972827,969,506.8188740608545,[[3\, 1]\, [17\, 1]\, [19\, 1]]
52/31,895.4920893050604,403,318.14369535119147,[[13\, 1]\, [31\, 1]]
859/512,895.8171853661562,859,466.605896880999,[[859\, 1]]
47/28,896.68071554404,329,278.5097724684519,[[7\, 1]\, [47\, 1]]
42/25,898.1534796048427,525,465.19470827586275,[[3\, 1]\, [5\, 2]\, [7\, 1]]
79/47,899.0302757993587,3713,849.4796343700851,[[47\, 1]\, [79\, 1]]
37/22,900.0260963899831,407,341.019378329077,[[11\, 1]\, [37\, 1]]
69/41,901.1669425921024,2829,867.304339188943,[[3\, 1]\, [23\, 1]\, [41\, 1]]
431/256,901.8528709069178,431,341.57196110789266,[[431\, 1]]
32/19,902.4869838676973,19,18.666163741062057,[[19\, 1]]
863/512,903.860099014746,863,527.0567547433665,[[863\, 1]]
59/35,904.0320389002497,2065,919.4133929296767,[[5\, 1]\, [7\, 1]\, [59\, 1]]
27/16,905.8650025961623,27,30.096733965514712,[[3\, 3]]
76/45,907.289300536693,855,543.2055961701558,[[3\, 2]\, [5\, 1]\, [19\, 1]]
49/29,908.0746187851634,1421,665.0074359920693,[[7\, 2]\, [29\, 1]]
71/42,908.9156360711061,1491,754.7664389910566,[[3\, 1]\, [7\, 1]\, [71\, 1]]
433/256,909.8678576720699,433,269.38548303055506,[[433\, 1]]
22/13,910.7902805954461,143,192.73575029659,[[11\, 1]\, [13\, 1]]
61/36,912.9748033446887,549,310.3880600419661,[[3\, 2]\, [61\, 1]]
39/23,914.2083153662825,897,442.36020335818665,[[3\, 1]\, [13\, 1]\, [23\, 1]]
56/33,915.5529632389809,231,200.14087174856283,[[3\, 1]\, [7\, 1]\, [11\, 1]]
73/43,916.2717650135031,3139,808.2026129986257,[[43\, 1]\, [73\, 1]]
17/10,918.6416956355724,85,77.87409250844601,[[5\, 1]\, [17\, 1]]
80/47,920.8070918516701,235,168.49400676222413,[[5\, 1]\, [47\, 1]]
63/37,921.39186944516,2331,905.766358296534,[[3\, 2]\, [7\, 1]\, [37\, 1]]
109/64,921.8211897323116,109,66.79905066522839,[[109\, 1]]
46/27,922.4093446722533,621,-8.414460001676481,[[3\, 3]\, [23\, 1]]
75/44,923.2644862303005,825,490.0883806129178,[[3\, 1]\, [5\, 2]\, [11\, 1]]
29/17,924.6217846526791,493,205.9925894119837,[[17\, 1]\, [29\, 1]]
70/41,926.0772147922593,1435,687.5100066744342,[[5\, 1]\, [7\, 1]\, [41\, 1]]
41/24,927.107404676313,123,63.629450952480525,[[3\, 1]\, [41\, 1]]
53/31,928.4689730115888,1643,701.2392274316826,[[31\, 1]\, [53\, 1]]
65/38,929.3283595018429,1235,533.0393800931781,[[5\, 1]\, [13\, 1]\, [19\, 1]]
77/45,929.9201332382719,3465,1491.6644064953657,[[3\, 2]\, [5\, 1]\, [7\, 1]\, [11\, 1]]
877/512,931.7196389336797,877,305.4800453637645,[[877\, 1]]
12/7,933.1290943962624,21,20.891752057752445,[[3\, 1]\, [7\, 1]]
439/256,933.6925554424299,439,101.9053611129927,[[439\, 1]]
79/46,936.2625505441082,1817,607.7597940042152,[[23\, 1]\, [79\, 1]]
67/39,936.8243659146289,2613,756.876209634146,[[3\, 1]\, [13\, 1]\, [67\, 1]]
55/32,937.6316562295915,55,37.92253073511616,[[5\, 1]\, [11\, 1]]
43/25,938.8902779128479,1075,494.2394019861396,[[5\, 2]\, [43\, 1]]
881/512,939.5978507044963,881,338.70301873510743,[[881\, 1]]
74/43,939.8263331122221,1591,583.60128089594,[[37\, 1]\, [43\, 1]]
31/18,941.1255707334756,279,130.2605494420996,[[3\, 2]\, [31\, 1]]
50/29,943.050233576583,725,379.92745533667164,[[5\, 2]\, [29\, 1]]
883/512,943.5235531781592,883,396.7481849212543,[[883\, 1]]
69/40,943.9156342689681,345,176.37779524174934,[[3\, 1]\, [5\, 1]\, [23\, 1]]
19/11,946.1950737675459,209,128.759830738556,[[11\, 1]\, [19\, 1]]
64/37,948.6559612452604,37,28.393401909147464,[[37\, 1]]
443/256,949.3954662660219,443,171.63842717330667,[[443\, 1]]
45/26,949.6960538262991,585,267.14847366294856,[[3\, 2]\, [5\, 1]\, [13\, 1]]
71/41,950.634137863918,2911,665.1622248049686,[[41\, 1]\, [71\, 1]]
887/512,951.3483531612766,887,348.3836863460309,[[887\, 1]]
26/15,952.2589470390884,195,119.04374422114121,[[3\, 1]\, [5\, 1]\, [13\, 1]]
59/34,954.2162497338023,1003,388.9919285613158,[[17\, 1]\, [59\, 1]]
33/19,955.7599270978416,627,319.32768342091094,[[3\, 1]\, [11\, 1]\, [19\, 1]]
73/42,957.0085633215084,1533,475.11559724445664,[[3\, 1]\, [7\, 1]\, [73\, 1]]
40/23,958.0393665964193,115,64.09669620277322,[[5\, 1]\, [23\, 1]]
47/27,959.6416194170026,1269,-174.59845518397995,[[3\, 3]\, [47\, 1]]
54/31,960.829430131912,837,129.6580135475147,[[3\, 3]\, [31\, 1]]
223/128,961.0798799043657,223,92.37283168368556,[[223\, 1]]
61/35,961.7451847415039,2135,714.0731476312158,[[5\, 1]\, [7\, 1]\, [61\, 1]]
68/39,962.4727468657093,663,330.5307026023469,[[3\, 1]\, [13\, 1]\, [17\, 1]]
75/43,963.0647229525396,3225,1351.992943326928,[[3\, 1]\, [5\, 2]\, [43\, 1]]
7/4,968.8259064691249,7,7.0,[[7\, 1]]
449/256,972.6859616893763,449,199.18888911612794,[[449\, 1]]
79/45,974.3131822169139,3555,915.9302173320694,[[3\, 2]\, [5\, 1]\, [79\, 1]]
72/41,974.8475961890745,369,217.33228938789426,[[3\, 2]\, [41\, 1]]
65/37,975.4973368794058,2405,689.8046670466099,[[5\, 1]\, [13\, 1]\, [37\, 1]]
58/33,976.3042509229424,957,405.2236197063775,[[3\, 1]\, [11\, 1]\, [29\, 1]]
51/29,977.3332162127081,1479,513.4749045841339,[[3\, 1]\, [17\, 1]\, [29\, 1]]
44/25,978.6905146350871,275,230.40109640908466,[[5\, 2]\, [11\, 1]]
37/21,980.5631314202274,777,361.4181258730928,[[3\, 1]\, [7\, 1]\, [37\, 1]]
67/38,981.7940124170242,1273,494.61390464894635,[[19\, 1]\, [67\, 1]]
30/17,983.3133052298149,255,162.5583020322568,[[3\, 1]\, [5\, 1]\, [17\, 1]]
113/64,984.2147548982252,113,38.39053201306776,[[113\, 1]]
53/30,985.2358307456167,795,360.6306255704302,[[3\, 1]\, [5\, 1]\, [53\, 1]]
76/43,985.9953104897851,817,385.688945417036,[[19\, 1]\, [43\, 1]]
23/13,987.7466854991047,299,213.20685253697872,[[13\, 1]\, [23\, 1]]
62/35,989.8959521302904,1085,502.7788479360549,[[5\, 1]\, [7\, 1]\, [31\, 1]]
907/512,989.950488634227,907,347.7028871989944,[[907\, 1]]
39/22,991.1647202699413,429,260.6759076157116,[[3\, 1]\, [11\, 1]\, [13\, 1]]
227/128,991.858184749098,227,121.3803167431886,[[227\, 1]]
55/31,992.5960837653412,1705,601.9249520977736,[[5\, 1]\, [11\, 1]\, [31\, 1]]
71/40,993.3828295407835,355,185.98632182311496,[[5\, 1]\, [71\, 1]]
16/9,996.089998269225,9,9.0,[[3\, 2]]
911/512,997.5686925624609,911,243.96846347971908,[[911\, 1]]
73/41,998.7270651143203,2993,570.3138085963121,[[41\, 1]\, [73\, 1]]
57/32,999.4680169976899,57,36.96550565591634,[[3\, 1]\, [19\, 1]]
41/23,1000.7880582732848,943,261.2123852776971,[[23\, 1]\, [41\, 1]]
66/37,1001.9289044754044,1221,356.1429172206625,[[3\, 1]\, [11\, 1]\, [37\, 1]]
457/256,1003.2604260696836,457,191.24009594610706,[[457\, 1]]
25/14,1003.8015212605447,175,157.8024875899593,[[5\, 2]\, [7\, 1]]
59/33,1005.8987160040654,1947,524.1999195024872,[[3\, 1]\, [11\, 1]\, [59\, 1]]
229/128,1007.0445457163328,229,156.75147630247656,[[229\, 1]]
34/19,1007.4423933681046,323,178.62967481555322,[[17\, 1]\, [19\, 1]]
77/43,1008.6261431913641,3311,988.9145530089974,[[7\, 1]\, [11\, 1]\, [43\, 1]]
43/24,1009.5627047771302,129,77.80860438747844,[[3\, 1]\, [43\, 1]]
52/29,1010.9504676162242,377,200.7335757090625,[[13\, 1]\, [29\, 1]]
61/34,1011.9293955750563,1037,355.9268208132203,[[17\, 1]\, [61\, 1]]
70/39,1012.6569576992619,1365,644.8820440377435,[[3\, 1]\, [5\, 1]\, [7\, 1]\, [13\, 1]]
919/512,1012.7052615468414,919,310.7567169380176,[[919\, 1]]
79/44,1013.2189554477668,869,305.6923755051465,[[11\, 1]\, [79\, 1]]
9/5,1017.5962878659401,45,45.0,[[3\, 2]\, [5\, 1]]
461/256,1018.3475285152056,461,210.36529130539006,[[461\, 1]]
74/41,1022.2816332130393,1517,435.66491059487424,[[37\, 1]\, [41\, 1]]
65/36,1022.9313739033706,585,306.40485737732814,[[3\, 2]\, [5\, 1]\, [13\, 1]]
56/31,1023.7903340048746,217,145.9408456908527,[[7\, 1]\, [31\, 1]]
47/26,1024.9789602438543,611,329.80833419507456,[[13\, 1]\, [47\, 1]]
463/256,1025.8420599122837,463,255.3314717712649,[[463\, 1]]
38/21,1026.7321087977903,399,253.8478586778247,[[3\, 1]\, [7\, 1]\, [19\, 1]]
67/37,1027.9629897945872,2479,416.00792249106365,[[37\, 1]\, [67\, 1]]
29/16,1029.5771941530866,29,28.728362148947017,[[29\, 1]]
78/43,1030.9649569921805,1677,191.51131097365175,[[3\, 1]\, [13\, 1]\, [43\, 1]]
929/512,1031.4417436591834,929,305.0789016983312,[[929\, 1]]
49/27,1031.7868103420876,1323,-208.30689066607255,[[3\, 3]\, [7\, 2]]
69/38,1032.7163320015004,1311,398.16786080399237,[[3\, 1]\, [19\, 1]\, [23\, 1]]
20/11,1034.995771500078,55,44.81923372296735,[[5\, 1]\, [11\, 1]]
233/128,1037.0233735851364,233,72.40535260208837,[[233\, 1]]
71/39,1037.2138807709205,2769,473.1975909537697,[[3\, 1]\, [13\, 1]\, [71\, 1]]
51/28,1038.0845038966697,357,196.58112711450923,[[3\, 1]\, [7\, 1]\, [17\, 1]]
31/17,1040.080162963843,527,282.93957046176354,[[17\, 1]\, [31\, 1]]
467/256,1040.7344876515945,467,199.51354838560343,[[467\, 1]]
73/40,1041.4757567911859,365,171.04060100912642,[[5\, 1]\, [73\, 1]]
42/23,1042.5065600660967,483,254.48453617340363,[[3\, 1]\, [7\, 1]\, [23\, 1]]
53/29,1043.9273513227524,1537,305.5981988596939,[[29\, 1]\, [53\, 1]]
64/35,1044.8603796660402,35,34.40133370940304,[[5\, 1]\, [7\, 1]]
75/41,1045.5200230533567,3075,875.9988603523278,[[3\, 1]\, [5\, 2]\, [41\, 1]]
937/512,1046.2862851910243,937,269.33178101458685,[[937\, 1]]
11/6,1049.3629414993693,33,32.81545562332271,[[3\, 1]\, [11\, 1]]
79/43,1053.019192170006,3397,826.5721524911415,[[43\, 1]\, [79\, 1]]
68/37,1053.6113707456677,629,328.74596384711356,[[17\, 1]\, [37\, 1]]
941/512,1053.6610952742442,941,345.2034942212223,[[941\, 1]]
57/31,1054.4324445334396,1767,512.2199653049022,[[3\, 1]\, [19\, 1]\, [31\, 1]]
46/25,1055.6469195387458,575,321.95503810181594,[[5\, 2]\, [23\, 1]]
35/19,1057.626604201657,665,408.0278071138118,[[5\, 1]\, [7\, 1]\, [19\, 1]]
59/32,1059.1716592342095,59,42.21134126299517,[[59\, 1]]
24/13,1061.427339096077,39,37.0249243131964,[[3\, 1]\, [13\, 1]]
61/33,1063.6118618453193,2013,553.8441028928072,[[3\, 1]\, [11\, 1]\, [61\, 1]]
947/512,1064.664738562062,947,-8776.776570473488,[[947\, 1]]
37/20,1065.030324889905,185,89.77472108189956,[[5\, 1]\, [37\, 1]]
50/27,1066.7624251335073,675,1745.3272250260025,[[3\, 3]\, [5\, 2]]
63/34,1067.7804986994925,1071,-198.77554211648993,[[3\, 2]\, [7\, 1]\, [17\, 1]]
76/41,1068.4506105906023,779,-48016.30734309925,[[19\, 1]\, [41\, 1]]
13/7,1071.7017553001858,91,81.07060763835631,[[7\, 1]\, [13\, 1]]
80/43,1074.7960082223174,215,107.90829038099363,[[5\, 1]\, [43\, 1]]
67/36,1075.3970268185521,603,207.42323909527576,[[3\, 2]\, [67\, 1]]
953/512,1075.5988846919304,953,-348.33909484646927,[[953\, 1]]
54/29,1076.2878084430756,783,-523.3432315935588,[[3\, 3]\, [29\, 1]]
41/22,1077.7444631769436,451,165.31722916460023,[[11\, 1]\, [41\, 1]]
69/37,1078.8853093790633,2553,569.4870651322829,[[3\, 1]\, [23\, 1]\, [37\, 1]]
28/15,1080.5571917389027,105,89.01598788504745,[[3\, 1]\, [5\, 1]\, [7\, 1]]
239/128,1081.0401695768983,239,103.46366559104217,[[239\, 1]]
71/38,1082.1835272733158,1349,456.539794227451,[[19\, 1]\, [71\, 1]]
43/23,1083.2433583741022,989,193.64279742649344,[[23\, 1]\, [43\, 1]]
58/31,1084.5416216888361,899,128.50299176339988,[[29\, 1]\, [31\, 1]]
479/256,1084.6582148834163,479,140.7169499794134,[[479\, 1]]
73/39,1085.3068080213227,2847,846.875808998746,[[3\, 1]\, [13\, 1]\, [73\, 1]]
15/8,1088.2687147302222,15,15.0,[[3\, 1]\, [5\, 1]]
77/41,1091.0814432921811,3157,1288.0084256912003,[[7\, 1]\, [11\, 1]\, [41\, 1]]
62/33,1091.7626292341063,1023,390.2574975488268,[[3\, 1]\, [11\, 1]\, [31\, 1]]
47/25,1092.879194283495,1175,702.995310452564,[[5\, 2]\, [47\, 1]]
79/42,1093.7559904780112,1659,850.0058781845888,[[3\, 1]\, [7\, 1]\, [79\, 1]]
32/17,1095.0445904995927,17,16.420473288330335,[[17\, 1]]
241/128,1095.467203475954,241,90.8777434038812,[[241\, 1]]
49/26,1097.1241511689393,637,295.14016107013424,[[7\, 2]\, [13\, 1]]
66/35,1098.1333228961844,1155,671.982262003509,[[3\, 1]\, [5\, 1]\, [7\, 1]\, [11\, 1]]
967/512,1100.8464953722093,967,272.66120657268476,[[967\, 1]]
17/9,1101.0454077696324,153,99.08678734159653,[[3\, 2]\, [17\, 1]]
70/37,1103.79558157922,1295,657.7338724836133,[[5\, 1]\, [7\, 1]\, [37\, 1]]
53/28,1104.678639006714,371,201.3116832721935,[[7\, 1]\, [53\, 1]]
36/19,1106.3969855984722,171,117.53565610805215,[[3\, 2]\, [19\, 1]]
971/512,1107.9929825030308,971,237.76330730181644,[[971\, 1]]
55/29,1108.054462076505,1595,690.2299496427071,[[5\, 1]\, [11\, 1]\, [29\, 1]]
74/39,1108.8613761200418,1443,573.412234599756,[[3\, 1]\, [13\, 1]\, [37\, 1]]
19/10,1111.1993022674676,95,78.07997461782008,[[5\, 1]\, [19\, 1]]
487/256,1113.3335544988106,487,174.5482958781791,[[487\, 1]]
78/41,1113.4202570929974,1599,558.5522536231921,[[3\, 1]\, [13\, 1]\, [41\, 1]]
59/31,1114.1360867699593,1829,578.9546996456982,[[31\, 1]\, [59\, 1]]
40/21,1115.5328065303224,105,92.29826030026773,[[3\, 1]\, [5\, 1]\, [7\, 1]]
61/32,1116.8848050754634,61,54.54568218461293,[[61\, 1]]
977/512,1118.6577023620623,977,211.73776694954182,[[977\, 1]]
21/11,1119.4629649697556,231,158.56977437724373,[[3\, 1]\, [7\, 1]\, [11\, 1]]
65/34,1121.8859661337383,1105,335.3012966958547,[[5\, 1]\, [13\, 1]\, [17\, 1]]
44/23,1123.0435950963413,253,156.6631109616292,[[11\, 1]\, [23\, 1]]
67/35,1124.1674082153672,2345,645.2113682179165,[[5\, 1]\, [7\, 1]\, [67\, 1]]
23/12,1126.319346403028,69,62.63978021850215,[[3\, 1]\, [23\, 1]]
491/256,1127.4950571776317,491,206.52706769893234,[[491\, 1]]
71/37,1128.3525046508787,2627,580.2995296941067,[[37\, 1]\, [71\, 1]]
983/512,1129.2571276086967,983,242.1470600271258,[[983\, 1]]
48/25,1129.3275731357176,75,71.58352825137457,[[3\, 1]\, [5\, 2]]
73/38,1130.276454523718,1387,366.4592414490414,[[19\, 1]\, [73\, 1]]
25/13,1132.099765960359,325,226.10265067714667,[[5\, 2]\, [13\, 1]]
77/40,1133.8301349690469,385,284.07768262240904,[[5\, 1]\, [7\, 1]\, [11\, 1]]
52/27,1134.6626591731483,351,2025.9803630981323,[[3\, 3]\, [13\, 1]]
79/41,1135.474492270823,3239,859.6861208386647,[[41\, 1]\, [79\, 1]]
27/14,1137.0390961270373,189,254.08873553357833,[[3\, 3]\, [7\, 1]]
56/29,1139.2487123160386,203,528.7689400667012,[[7\, 1]\, [29\, 1]]
29/15,1141.3084794228644,435,272.9090287634671,[[3\, 1]\, [5\, 1]\, [29\, 1]]
60/31,1143.233142265972,465,273.5214791090966,[[3\, 1]\, [5\, 1]\, [31\, 1]]
991/512,1143.289496623786,991,409.30833691154703,[[991\, 1]]
31/16,1145.0355724642502,31,30.999999999999996,[[31\, 1]]
64/33,1146.7270567698558,33,32.43806562282514,[[3\, 1]\, [11\, 1]]
33/17,1148.3175337297369,561,310.94329443588845,[[3\, 1]\, [11\, 1]\, [17\, 1]]
68/35,1149.8157891664475,595,383.588004673188,[[5\, 1]\, [7\, 1]\, [17\, 1]]
35/18,1151.229618603185,315,217.96656540207087,[[3\, 2]\, [5\, 1]\, [7\, 1]]
72/37,1152.5659629760353,333,234.06505247948093,[[3\, 2]\, [37\, 1]]
997/512,1153.739633277835,997,460.69439258776185,[[997\, 1]]
37/19,1153.8310226224373,703,383.3807537129947,[[19\, 1]\, [37\, 1]]
76/39,1155.0303534976047,741,416.4030868109223,[[3\, 1]\, [13\, 1]\, [19\, 1]]
499/256,1155.4752064047127,499,271.27109301880864,[[499\, 1]]
39/20,1156.1689487698632,195,119.99825378597995,[[3\, 1]\, [5\, 1]\, [13\, 1]]
80/41,1157.2513083231343,205,144.482773970149,[[5\, 1]\, [41\, 1]]
41/21,1158.281498207188,861,470.6938194388762,[[3\, 1]\, [7\, 1]\, [41\, 1]]
43/22,1160.199763277761,473,285.0096492740808,[[11\, 1]\, [43\, 1]]
45/23,1161.9493683271942,1035,504.9341940289728,[[3\, 2]\, [5\, 1]\, [23\, 1]]
47/24,1163.5516211477773,141,88.62271051392587,[[3\, 1]\, [47\, 1]]
49/25,1165.0243852085803,1225,710.1046138103136,[[5\, 2]\, [7\, 2]]
251/128,1165.8522647409263,251,116.48581215964585,[[251\, 1]]
51/26,1166.382748596484,663,365.99359019981125,[[3\, 1]\, [13\, 1]\, [17\, 1]]
53/27,1167.6395428796768,1431,595.1887472583558,[[3\, 3]\, [53\, 1]]
55/28,1168.8057497604666,385,273.41497953308954,[[5\, 1]\, [7\, 1]\, [11\, 1]]
503/256,1169.2975077666324,503,282.6370321884944,[[503\, 1]]
57/29,1169.8908228446035,1653,647.1072638922626,[[3\, 1]\, [19\, 1]\, [29\, 1]]
59/30,1170.902944503987,885,380.5350008726307,[[3\, 1]\, [5\, 1]\, [59\, 1]]
61/31,1171.8492326112132,1891,683.6780872735441,[[31\, 1]\, [61\, 1]]
63/32,1172.7359081998998,63,61.28568729023423,[[3\, 2]\, [7\, 1]]
65/33,1173.5684324040012,2145,900.2101137743155,[[3\, 1]\, [5\, 1]\, [11\, 1]\, [13\, 1]]
67/34,1174.3516190489197,1139,433.15552685820757,[[17\, 1]\, [67\, 1]]
1009/512,1174.4525509276286,1009,360.556376819732,[[1009\, 1]]
69/35,1175.089727799843,2415,1155.5227923959899,[[3\, 1]\, [5\, 1]\, [7\, 1]\, [23\, 1]]
71/36,1175.7865416748436,639,281.5425560173484,[[3\, 2]\, [71\, 1]]
73/37,1176.445431901281,2701,1197.3113154868774,[[37\, 1]\, [73\, 1]]
75/38,1177.0694124627544,1425,816.4583340311333,[[3\, 1]\, [5\, 2]\, [19\, 1]]
77/39,1177.6611861991837,3003,1682.519347837517,[[3\, 1]\, [7\, 1]\, [11\, 1]\, [13\, 1]]
79/40,1178.2231839476888,395,227.06033198968575,[[5\, 1]\, [79\, 1]]
1013/512,1181.3021505613658,1013,373.82360632614143,[[1013\, 1]]
127/64,1186.421624126599,127,53.15131653765596,[[127\, 1]]
509/256,1189.8262152908344,509,170.71784790643486,[[509\, 1]]
1019/512,1191.5260033989766,1019,280.53577599365957,[[1019\, 1]]
1021/512,1194.9205810533617,1021,237.1628989478072,[[1021\, 1]]
2/1,1200.0,1,1.0,[]
